CustomerID,Date,Age,Gender,Region,Income,Membership,ProductsPurchased,PurchaseFrequency,AverageOrderValue,DiscountUsed,MarketingChannel,SatisfactionScore,ChurnRisk,CustomerLifetimeValue
100001,2024-02-13,48,Male,North East,500000,Bronze,1,1,5000.0,No,Direct,2.4,Medium,12254
100002,2024-10-22,46,Female,South East,20000000,Platinum,50,25,400000.0,No,Email,1.1,Low,54744304
100003,2025-03-08,67,Female,North East,4977281,Gold,16,5,9838.11,No,Email,1.7,High,75174
100004,2025-04-26,27,Male,North East,15618466,Bronze,2,8,53724.01,Yes,Direct,4.6,Low,1833561
100005,2024-02-14,46,Female,South East,689836,Bronze,27,23,21804.35,No,Email,5.0,Low,2264591
100006,2024-10-14,56,Male,South East,16668183,Bronze,42,1,214047.4,Yes,Direct,4.5,Low,947904
100007,2024-07-10,64,Female,South East,1285175,Gold,20,7,7805.53,No,Direct,4.4,Low,284676
100008,2025-02-07,45,Female,South West,17027459,Bronze,19,17,6207.35,No,Social Media,1.9,Medium,256681
100009,2024-08-09,34,Female,South West,18462234,Bronze,34,2,323822.1,No,Online,1.6,High,679330
100010,2024-05-10,69,Male,South East,15160532,Silver,44,24,215503.13,No,Email,1.4,Medium,14698396
100011,2026-01-26,53,Female,North East,515125,Silver,42,3,24357.46,Yes,Online,1.9,High,88017
100012,2026-06-02,73,Female,South East,690784,Bronze,47,17,270907.58,No,Direct,2.6,Medium,12577979
100013,2024-10-31,56,Female,North Central,2650374,Silver,16,18,13099.76,Yes,Social Media,1.5,Low,967061
100014,2025-01-20,22,Male,South West,1179573,Bronze,32,22,19835.12,Yes,Direct,2.2,Medium,1069012
100015,2025-04-06,52,Female,North East,594607,Bronze,31,2,232818.33,Yes,Direct,1.3,High,402306
100016,2026-11-08,66,Male,North West,11011291,Bronze,44,13,9361.79,No,Email,3.3,Low,568175
100017,2026-03-13,28,Female,North Central,13213901,Gold,7,24,299638.57,No,Direct,1.9,Medium,19629538
100018,2024-07-16,60,Female,North East,738818,Bronze,8,23,65925.63,Yes,Online,3.8,Low,6660281
100019,2024-12-11,60,Female,South South,690555,Silver,21,24,335381.19,Yes,Social Media,1.8,Medium,21498883
100020,2025-09-22,65,Female,South South,13433519,Gold,32,7,22081.12,No,Online,3.5,Medium,508268
100021,2025-06-08,25,Male,South West,7251631,Bronze,22,10,83483.05,Yes,Direct,1.5,High,1006725
100022,2025-02-25,63,Male,North Central,8139050,Platinum,13,25,7039.28,No,Social Media,3.5,Low,904021
100023,2025-03-27,53,Male,North East,4098810,Bronze,48,25,85866.21,No,Direct,4.4,Low,10821098
100024,2026-11-19,20,Male,South South,2356138,Silver,28,21,10684.12,No,Social Media,2.3,Low,1127652
100025,2024-01-11,46,Female,South South,871114,Bronze,4,22,16100.16,No,Direct,1.3,Medium,909744
100026,2025-05-15,26,Female,South South,5531363,Bronze,14,12,14600.62,No,Online,4.3,Medium,487182
100027,2025-02-08,47,Female,South South,8452809,Silver,27,12,80696.74,No,Direct,3.1,Low,4673524
100028,2026-11-01,34,Female,South East,9429939,Platinum,12,1,391686.0,Yes,Direct,2.5,Medium,1214889
100029,2025-06-07,44,Male,South East,7676866,Gold,12,20,90682.66,Yes,Direct,3.0,Medium,5060534
100030,2025-04-03,72,Female,South South,12448548,Silver,29,18,13977.22,Yes,Social Media,2.0,Medium,705937
100031,2026-11-06,61,Male,South East,874228,Platinum,49,14,354985.38,No,Social Media,2.9,Medium,18604474
100032,2024-10-31,57,Female,South West,18307634,Gold,21,8,135458.94,No,Direct,1.7,Medium,3061936
100033,2026-04-28,30,Male,North West,1026322,Bronze,38,12,14190.87,No,Email,2.7,High,185919
100034,2024-10-19,31,Male,North Central,577940,Silver,9,12,7641.58,No,Email,4.3,Low,408903
100035,2025-08-27,71,Female,North Central,670718,Gold,27,25,35138.84,Yes,Direct,1.6,Medium,2558499
100036,2024-06-16,19,Male,North East,679162,Silver,17,15,35848.15,Yes,Social Media,3.7,Medium,1549918
100037,2025-09-10,55,Female,South West,10227749,Silver,19,13,20929.96,No,Online,4.2,Low,1281958
100038,2024-11-13,24,Female,South East,16993478,Gold,30,10,91991.84,No,Direct,3.0,Medium,2984459
100039,2025-10-07,20,Male,North East,1181472,Gold,2,4,86319.71,Yes,Online,1.2,High,443832
100040,2026-12-09,28,Female,North West,12688459,Silver,24,5,100247.21,No,Direct,4.2,Low,2357824
100041,2025-03-14,54,Female,South South,990402,Silver,11,10,227247.52,No,Direct,1.5,High,2668577
100042,2025-06-02,63,Male,North Central,554812,Bronze,24,20,261186.7,No,Social Media,1.9,Medium,13383701
100043,2024-11-17,20,Male,South West,6281516,Bronze,16,11,197117.96,Yes,Direct,1.2,High,1937599
100044,2024-01-21,30,Female,South South,1089103,Gold,21,9,5575.76,No,Online,3.6,Low,247993
100045,2026-04-20,71,Male,North West,677371,Bronze,23,15,9596.51,Yes,Online,4.7,Low,631723
100046,2025-01-29,72,Female,North East,2623058,Bronze,17,4,35789.25,No,Social Media,2.2,Medium,376162
100047,2026-10-19,26,Female,North East,14504272,Silver,46,13,190455.33,No,Social Media,3.7,Low,12952970
100048,2025-03-15,68,Female,South South,14844606,Bronze,40,18,6871.8,Yes,Online,4.1,Medium,339847
100049,2026-03-21,44,Male,North West,12741842,Bronze,40,24,10798.42,Yes,Direct,4.8,Low,1190896
100050,2025-12-22,19,Female,South East,3327476,Bronze,35,19,12108.31,No,Email,5.0,Low,1145640
100051,2024-06-16,55,Female,North East,13781272,Gold,38,25,38161.85,No,Email,4.7,Low,4983437
100052,2024-10-09,39,Female,North Central,17738120,Bronze,12,8,6941.52,No,Online,2.3,High,59155
100053,2024-03-15,73,Male,North Central,1911164,Bronze,27,24,64199.92,Yes,Online,3.7,Low,6839418
100054,2024-01-17,57,Male,North Central,5688068,Silver,23,23,300628.16,No,Direct,3.1,Medium,17907729
100055,2025-06-21,22,Female,North Central,930007,Gold,11,1,17245.12,No,Social Media,2.1,Low,84616
100056,2024-04-13,39,Female,North West,10672501,Silver,48,6,34300.13,No,Social Media,4.4,Medium,679198
100057,2024-03-14,66,Female,North Central,552525,Silver,14,10,13073.31,No,Social Media,1.8,Medium,328691
100058,2025-06-16,71,Female,North West,1276537,Bronze,19,17,8825.74,No,Online,1.1,Medium,398565
100059,2026-04-05,68,Female,South South,1032523,Silver,27,16,162449.19,No,Direct,3.7,Low,12698511
100060,2025-05-22,30,Male,South West,922316,Silver,28,14,106520.87,No,Email,2.6,High,1997013
100061,2026-11-26,31,Male,South East,18905027,Bronze,10,7,102722.49,No,Email,2.5,High,744374
100062,2025-03-10,18,Female,North Central,1300577,Gold,28,2,393231.22,Yes,Email,2.0,Medium,2364350
100063,2026-11-29,61,Male,North Central,2154351,Platinum,42,22,195520.32,Yes,Social Media,1.6,Low,22752843
100064,2024-09-20,33,Male,North East,4111584,Silver,38,11,101188.49,No,Email,1.9,High,1440267
100065,2024-07-06,66,Female,South East,4267514,Silver,17,17,84569.99,No,Social Media,1.3,Medium,4407350
100066,2026-06-21,51,Female,North Central,4118773,Gold,43,23,162171.86,No,Email,4.1,Low,20492497
100067,2025-04-17,28,Male,North Central,553518,Bronze,32,5,5845.38,No,Email,4.0,High,41713
100068,2025-07-08,72,Female,North East,1547389,Bronze,2,24,209653.49,No,Email,3.7,Medium,13882941
100069,2025-01-12,59,Female,South East,4986098,Gold,32,17,31897.57,No,Email,4.5,Low,2969740
100070,2025-04-24,40,Female,South South,589357,Bronze,28,25,14915.4,No,Direct,2.5,Low,1609312
100071,2026-06-18,50,Female,South East,973021,Silver,4,6,67271.84,No,Social Media,1.2,Medium,1012908
100072,2024-03-31,23,Male,South West,1872197,Gold,6,15,11258.25,No,Email,4.0,Low,866704
100073,2025-02-23,23,Male,North West,1333674,Gold,40,4,49390.06,No,Online,3.9,Medium,662691
100074,2026-08-20,47,Female,North Central,17285636,Bronze,37,22,26859.36,Yes,Online,2.9,Low,2798255
100075,2026-08-21,74,Male,North West,6808885,Silver,47,16,114735.52,Yes,Online,1.6,Medium,5146109
100076,2026-01-21,53,Female,South East,4114556,Gold,7,16,50052.01,Yes,Online,3.1,Low,3732621
100077,2026-12-30,56,Female,South West,2168400,Platinum,14,18,5941.0,No,Online,4.5,Low,551885
100078,2026-08-16,32,Female,South South,930126,Gold,35,7,42470.68,No,Online,4.6,Medium,932648
100079,2025-05-16,24,Female,South East,6371388,Bronze,13,11,357147.29,No,Direct,2.7,Medium,9101247
100080,2026-07-10,26,Female,North East,1240949,Gold,6,6,295367.31,No,Social Media,4.1,Low,9115932
100081,2024-11-28,52,Male,North West,14627388,Silver,33,16,391168.77,No,Email,3.7,Low,31110551
100082,2024-07-03,42,Female,North West,1689912,Silver,21,5,99546.63,No,Direct,1.8,Medium,1498916
100083,2025-04-16,41,Female,South East,6200689,Bronze,9,23,41080.9,No,Online,1.8,Medium,2179875
100084,2024-11-09,66,Female,South West,598972,Silver,23,2,21756.39,Yes,Direct,2.9,Low,208829
100085,2024-06-05,42,Female,South South,1944874,Bronze,29,2,99563.39,No,Online,2.5,Low,862895
100086,2024-03-15,41,Female,South South,9727012,Silver,25,3,10359.39,Yes,Email,2.0,High,33633
100087,2024-11-27,22,Female,North West,13321737,Bronze,7,16,5845.66,No,Online,4.1,Medium,251164
100088,2025-06-19,40,Female,North Central,1642074,Silver,49,11,42489.13,Yes,Online,3.0,Low,2227521
100089,2025-09-19,27,Male,North Central,5884929,Gold,13,10,316084.77,Yes,Online,4.6,Medium,9914851
100090,2025-12-23,69,Male,South South,3032385,Silver,14,1,34804.49,Yes,Social Media,3.5,Low,156532
100091,2024-02-24,64,Female,South West,9263676,Bronze,11,20,120893.43,Yes,Email,1.3,Medium,6031288
100092,2025-07-11,54,Female,South East,8431131,Bronze,37,13,43740.28,Yes,Email,1.5,High,440184
100093,2026-03-12,64,Male,North West,1156381,Bronze,28,4,307313.0,No,Direct,1.0,High,1174434
100094,2026-09-28,32,Male,North Central,7834906,Gold,31,15,6910.98,No,Email,3.8,Medium,336926
100095,2026-05-29,31,Male,South South,2843679,Platinum,37,22,6173.0,No,Online,1.3,Medium,411962
100096,2026-10-05,56,Female,South South,1238653,Gold,38,18,111307.33,No,Direct,2.4,Low,10896504
100097,2025-12-12,60,Male,South South,2529436,Bronze,40,14,228286.87,No,Social Media,3.1,Low,15003760
100098,2024-06-18,28,Female,South West,10665173,Platinum,10,8,48527.43,Yes,Social Media,1.4,High,590556
100099,2024-01-05,62,Female,South West,13204264,Bronze,5,23,24293.45,No,Online,4.9,Low,2650525
100100,2025-07-03,35,Male,North West,2481033,Bronze,12,21,49617.98,No,Direct,3.8,Medium,3085901
100101,2025-06-30,24,Female,South East,871552,Silver,33,18,194497.32,No,Social Media,2.8,Low,16480889
100102,2024-12-24,55,Male,North West,1247095,Bronze,36,23,5462.14,No,Social Media,1.0,Medium,309524
100103,2025-03-19,45,Female,North East,17881969,Platinum,33,8,310241.14,No,Email,4.3,Low,14270620
100104,2025-02-16,70,Female,South West,4869520,Bronze,36,23,26866.28,No,Social Media,1.7,Medium,1252340
100105,2026-12-26,58,Male,North Central,1248617,Silver,3,2,6625.45,No,Direct,1.7,High,16728
100106,2026-03-29,55,Female,North East,3210225,Bronze,38,21,26268.0,Yes,Social Media,3.0,High,615089
100107,2024-07-22,65,Female,North Central,624311,Silver,4,2,27537.0,No,Online,1.4,High,65137
100108,2025-05-20,48,Female,North Central,1035040,Gold,44,25,183893.96,Yes,Online,3.2,Low,24200750
100109,2024-04-30,53,Female,South East,2165307,Bronze,34,6,62488.58,No,Email,1.9,High,481715
100110,2025-06-17,74,Male,South West,4319563,Bronze,6,16,5656.1,No,Social Media,1.8,Medium,230584
100111,2025-04-10,48,Male,North East,528114,Platinum,34,21,9063.06,No,Direct,2.3,Medium,665559
100112,2025-01-26,50,Male,North East,5869298,Gold,50,10,202398.91,Yes,Email,4.6,Low,9710673
100113,2024-01-29,23,Male,North Central,4091934,Bronze,2,25,14662.7,Yes,Email,1.7,Medium,850474
100114,2026-04-17,40,Male,South East,575878,Bronze,36,24,48041.22,No,Direct,4.9,Low,5482040
100115,2024-06-20,41,Male,North East,7968713,Bronze,27,14,89775.28,Yes,Email,4.8,Low,5362180
100116,2026-07-02,32,Female,South South,771190,Bronze,28,16,34535.54,Yes,Online,4.6,Low,2700148
100117,2025-09-08,33,Male,North East,813484,Silver,33,2,176052.98,No,Email,3.2,High,521584
100118,2024-04-30,25,Female,North East,2948589,Bronze,40,24,8826.72,No,Social Media,4.7,Low,1003918
100119,2026-07-02,43,Female,North East,4169788,Silver,38,1,124106.6,No,Direct,3.3,Medium,373517
100120,2025-07-01,64,Male,North West,10178575,Silver,30,23,87893.29,No,Online,3.7,Low,9971244
100121,2024-12-13,46,Female,North West,832143,Bronze,12,21,5928.95,Yes,Direct,4.9,Medium,305895
100122,2025-07-18,36,Female,South South,844011,Bronze,5,11,239043.84,Yes,Online,1.1,Medium,5555917
100123,2025-08-19,54,Female,South South,1307783,Bronze,33,13,5618.46,Yes,Online,1.9,High,77122
100124,2024-06-13,34,Male,South South,12780278,Bronze,44,10,300375.42,No,Social Media,4.2,Low,14291175
100125,2025-09-13,72,Female,South West,19902086,Bronze,7,25,55075.11,No,Online,1.4,Medium,3076779
100126,2026-04-13,68,Male,North East,730699,Silver,48,16,123918.28,No,Direct,4.1,Low,10610659
100127,2025-05-16,72,Female,South East,17308431,Silver,37,19,8009.89,No,Direct,3.4,Low,732593
100128,2024-06-28,46,Female,North West,1023765,Silver,46,17,145975.13,No,Email,1.2,High,3383958
100129,2024-05-22,18,Male,North West,17175657,Gold,17,4,24361.34,Yes,Direct,3.6,Medium,309454
100130,2026-05-08,43,Female,North Central,7503063,Bronze,43,10,22913.72,No,Online,1.6,High,206156
100131,2026-05-17,33,Female,South South,1886795,Bronze,22,15,313698.33,No,Email,2.4,Medium,12023212
100132,2024-03-20,28,Female,North East,628539,Silver,35,3,17153.19,No,Email,1.8,Medium,153718
100133,2026-09-23,27,Male,North West,14776975,Gold,22,11,25174.91,No,Direct,1.2,High,445562
100134,2026-02-25,54,Male,South West,2100159,Silver,32,23,42358.27,Yes,Direct,3.3,Medium,2960553
100135,2024-01-10,53,Female,South South,744188,Bronze,49,16,10137.1,Yes,Email,2.3,Medium,424031
100136,2025-10-06,68,Female,North Central,2406227,Silver,23,9,52401.55,No,Online,4.8,Low,2356302
100137,2026-02-12,27,Female,South South,890750,Silver,35,20,57527.25,Yes,Online,2.2,Low,5657166
100138,2025-04-21,43,Female,North East,19698089,Bronze,23,20,47153.65,No,Social Media,4.7,Low,4652804
100139,2026-07-13,24,Female,North Central,1409195,Silver,45,15,388359.28,No,Social Media,4.0,Low,29921493
100140,2026-04-23,19,Female,South West,5438118,Bronze,15,22,197104.8,No,Social Media,1.5,Medium,11135307
100141,2026-10-04,53,Male,South South,14444297,Bronze,15,13,7049.37,Yes,Online,1.2,High,93238
100142,2026-05-15,68,Male,South West,2036575,Silver,29,24,7184.53,Yes,Email,3.0,Medium,450975
100143,2026-09-28,22,Male,South East,3628023,Bronze,35,13,95747.63,No,Direct,3.0,Medium,3559855
100144,2026-06-13,34,Male,North Central,1083512,Silver,49,25,170956.66,No,Social Media,4.5,Low,23626569
100145,2026-01-25,43,Female,South South,8655195,Gold,11,18,31672.49,No,Online,3.0,Low,2878169
100146,2026-01-26,69,Male,South East,13958338,Platinum,45,1,174380.11,Yes,Direct,1.7,High,307010
100147,2025-11-17,69,Female,South West,4244143,Gold,12,25,37207.91,No,Direct,2.8,Low,4419650
100148,2026-03-16,67,Male,South West,2223191,Bronze,18,3,23749.36,Yes,Email,2.9,High,103825
100149,2024-07-25,48,Female,South West,1020393,Bronze,5,6,382853.33,Yes,Social Media,2.7,Medium,5793740
100150,2024-07-18,73,Male,South East,4715527,Gold,11,21,164745.3,No,Online,1.0,High,4149603
100151,2026-08-02,24,Female,North East,4644815,Silver,45,9,21102.69,Yes,Online,1.1,High,224019
100152,2025-05-09,38,Male,South West,619532,Silver,32,23,66097.22,No,Social Media,1.2,High,1858988
100153,2025-10-07,69,Male,South East,2304222,Silver,14,10,133392.82,Yes,Online,2.8,High,1749722
100154,2024-03-30,29,Male,South South,1584685,Bronze,1,9,59400.44,No,Email,1.2,High,527879
100155,2024-03-08,55,Female,North Central,9366365,Gold,30,6,256372.51,No,Email,1.0,High,2217577
100156,2024-05-10,41,Male,North West,11644503,Silver,47,21,258427.88,Yes,Direct,1.0,High,7209610
100157,2024-01-28,36,Female,North East,16264586,Bronze,31,21,12310.37,No,Online,4.7,Medium,764991
100158,2024-03-03,74,Male,South West,1396977,Bronze,10,5,32649.28,No,Email,2.8,Medium,406267
100159,2024-02-21,72,Male,South South,5854145,Bronze,39,3,12736.14,Yes,Direct,4.2,Low,184523
100160,2026-04-11,63,Female,North East,769171,Silver,13,19,23895.33,No,Online,2.0,Medium,1301550
100161,2024-12-23,37,Male,South South,677672,Bronze,46,3,20976.65,No,Email,3.6,Medium,183305
100162,2024-02-22,31,Male,South East,8517221,Platinum,16,9,6818.21,Yes,Email,3.0,Medium,195634
100163,2024-06-24,34,Male,South East,5182555,Gold,5,16,14486.94,Yes,Social Media,1.2,High,335121
100164,2026-07-01,23,Male,North West,8456015,Silver,2,9,93230.06,No,Direct,1.1,High,1092084
100165,2025-06-02,60,Male,North West,1377320,Bronze,23,14,6130.87,No,Online,3.7,Medium,211319
100166,2025-06-21,35,Male,South South,6829484,Bronze,27,25,155189.28,No,Social Media,2.8,Low,17940010
100167,2024-05-01,51,Male,South West,612488,Platinum,39,16,20539.97,No,Online,3.9,Low,1764472
100168,2025-09-24,39,Male,North Central,7609699,Bronze,20,12,183138.74,Yes,Online,3.9,Medium,5781884
100169,2026-05-09,41,Female,North West,5506949,Bronze,9,19,6537.71,No,Online,3.7,Medium,323705
100170,2026-05-24,40,Male,South West,712393,Bronze,17,16,8445.65,No,Email,4.1,Low,629640
100171,2024-08-04,22,Male,North West,526693,Bronze,27,19,35263.58,No,Email,4.9,Low,3260809
100172,2025-08-30,34,Male,South South,9733142,Bronze,38,19,65088.95,No,Social Media,3.8,Low,6605214
100173,2025-10-04,35,Female,South East,744252,Platinum,34,21,176094.26,Yes,Online,2.7,Medium,12251667
100174,2024-12-01,52,Male,South South,545146,Gold,14,16,65103.49,Yes,Email,4.2,Low,4875176
100175,2025-01-03,70,Male,South East,17491267,Gold,49,24,32393.83,No,Email,1.9,Low,3940629
100176,2026-02-15,73,Female,South South,5135292,Platinum,10,21,56956.56,No,Online,1.1,High,2168482
100177,2025-05-20,40,Female,North Central,4437762,Platinum,41,8,36622.69,No,Email,4.2,Low,1722739
100178,2026-04-12,36,Female,North Central,1623268,Bronze,33,13,19438.57,No,Direct,3.9,Low,1128055
100179,2026-05-18,50,Male,North Central,6197764,Silver,16,18,170294.18,No,Email,3.4,Low,15399314
100180,2024-08-22,31,Male,South East,1843392,Gold,33,22,9476.4,Yes,Email,4.6,Low,1041520
100181,2024-07-12,44,Female,North West,1394665,Bronze,23,21,28166.28,No,Direct,1.8,High,565381
100182,2025-05-17,37,Female,South East,2133249,Silver,31,4,10576.03,No,Social Media,2.8,High,55694
100183,2024-02-07,47,Male,North West,5062864,Bronze,37,25,167565.09,No,Online,1.1,High,3795362
100184,2026-01-08,41,Male,North East,1203028,Silver,4,16,24239.39,No,Email,3.9,Medium,1100222
100185,2025-01-15,49,Female,North Central,4751884,Gold,14,17,31244.76,Yes,Online,5.0,Low,2638263
100186,2025-08-30,67,Male,South East,3096035,Silver,39,24,8299.08,Yes,Email,1.7,Medium,529048
100187,2026-03-12,67,Male,North Central,1740437,Silver,31,8,185464.24,Yes,Direct,3.5,Medium,4047774
100188,2026-08-06,30,Female,South South,10738257,Gold,23,21,26584.61,No,Direct,2.2,Low,2781109
100189,2026-06-07,61,Female,North Central,1473637,Bronze,35,25,28493.77,No,Email,4.9,Low,3357419
100190,2026-07-04,53,Female,South South,5187729,Platinum,18,25,185331.47,No,Direct,1.7,High,7420072
100191,2025-01-07,22,Male,North West,2660733,Silver,12,19,6062.49,Yes,Email,4.4,Low,527445
100192,2024-02-25,31,Female,North West,9439002,Gold,20,8,133220.61,No,Online,2.2,High,1746595
100193,2024-08-22,70,Male,South East,1806711,Bronze,13,24,8875.22,Yes,Social Media,1.8,Medium,559639
100194,2025-08-23,34,Female,South West,3718605,Bronze,11,9,235235.74,No,Social Media,1.3,Medium,4321292
100195,2025-10-31,60,Male,North West,4467749,Silver,42,19,10121.49,No,Social Media,4.7,Low,1001458
100196,2026-10-12,75,Male,South East,838341,Bronze,2,10,233109.18,Yes,Social Media,4.0,Low,9808528
100197,2026-07-29,41,Male,South East,16601052,Bronze,43,24,305152.85,Yes,Online,2.3,Low,30415735
100198,2024-11-04,26,Male,North Central,4379910,Bronze,6,16,222597.16,Yes,Email,1.2,High,2659205
100199,2026-12-12,51,Male,South South,1229243,Bronze,46,14,46405.77,No,Online,2.7,High,711897
100200,2025-06-19,25,Female,South East,16532107,Gold,17,7,212452.77,Yes,Social Media,4.0,Medium,4589038
100201,2025-03-25,26,Male,South East,10304227,Silver,47,15,5780.87,No,Online,2.5,High,146411
100202,2024-06-14,24,Female,South West,8517612,Silver,16,24,232310.91,Yes,Email,1.9,Medium,14407631
100203,2025-06-06,38,Male,South South,14868327,Silver,24,16,111852.17,No,Direct,3.6,Low,9071685
100204,2026-07-13,32,Male,South East,916388,Gold,49,11,10345.01,Yes,Social Media,4.3,Medium,402159
100205,2024-03-15,62,Male,North East,8018722,Gold,38,18,219568.75,No,Email,2.6,Low,21763313
100206,2025-03-03,42,Male,South East,15148217,Platinum,2,8,108309.91,No,Direct,2.2,Medium,2572577
100207,2024-11-05,33,Female,North East,3974740,Silver,2,25,182615.66,No,Social Media,3.7,Medium,11886141
100208,2025-08-07,59,Male,North Central,11409182,Silver,18,12,15075.88,Yes,Social Media,1.6,Medium,506942
100209,2024-07-10,69,Female,North West,607450,Bronze,4,17,36882.27,Yes,Direct,3.6,Medium,1437431
100210,2026-04-08,59,Female,North West,13161090,Platinum,44,14,213210.88,No,Email,4.2,Low,16630219
100211,2025-09-05,61,Female,North West,541898,Gold,1,7,74613.4,No,Social Media,5.0,Low,2568989
100212,2026-04-01,25,Female,South South,1994257,Bronze,49,2,6756.12,No,Email,4.1,Medium,38778
100213,2025-09-21,68,Female,North West,2704386,Bronze,1,17,34289.91,No,Social Media,3.7,Medium,1554807
100214,2026-10-16,73,Male,South South,1570943,Bronze,34,4,104176.49,No,Online,2.3,Medium,1081314
100215,2026-09-16,65,Female,North Central,1267094,Platinum,24,21,191587.87,No,Online,4.5,Low,21009168
100216,2024-09-06,41,Female,North East,1278584,Bronze,20,1,41024.28,Yes,Direct,4.0,Low,175462
100217,2026-08-13,53,Male,North West,2302432,Bronze,15,8,326368.41,No,Email,2.3,Low,12180412
100218,2025-07-02,51,Female,South South,4111109,Platinum,4,18,87596.16,No,Social Media,2.4,Medium,4528381
100219,2026-05-12,73,Male,North West,14624448,Platinum,41,25,391092.63,No,Social Media,1.7,Medium,32625067
100220,2026-08-12,42,Female,North Central,19833880,Gold,44,14,264648.27,No,Social Media,4.3,Low,19369684
100221,2025-08-10,23,Male,South South,2402856,Silver,49,25,15874.32,Yes,Online,4.7,Low,1817666
100222,2026-11-29,74,Female,South South,731142,Bronze,1,21,291439.93,Yes,Online,3.7,Medium,14381307
100223,2026-01-30,26,Male,South South,4849203,Bronze,18,24,26845.1,Yes,Social Media,4.5,Medium,1690666
100224,2024-09-14,60,Male,South West,1735562,Gold,31,17,29043.92,Yes,Email,4.4,Low,2414852
100225,2025-04-04,61,Female,North East,12068429,Bronze,39,12,27946.41,No,Email,3.1,Low,1523288
100226,2026-07-07,37,Female,South South,16348249,Silver,28,6,116631.62,Yes,Online,1.2,High,921436
100227,2024-02-13,39,Male,South East,9363925,Silver,37,17,190858.39,No,Email,2.6,Medium,9463286
100228,2024-12-29,46,Female,North West,500159,Silver,47,25,160151.53,No,Online,1.5,High,5471097
100229,2024-01-08,66,Female,South South,1931615,Silver,11,16,159271.96,No,Direct,3.5,Low,11248367
100230,2025-05-17,33,Male,North Central,1977774,Bronze,14,17,157556.16,No,Email,2.4,Medium,6572508
100231,2026-12-01,71,Male,South West,1128972,Bronze,10,19,113042.61,Yes,Online,3.0,Low,8771138
100232,2025-02-09,40,Male,North Central,732428,Bronze,34,20,232950.03,Yes,Social Media,3.8,Medium,12082528
100233,2026-08-28,51,Female,North Central,2874086,Silver,22,9,7628.74,No,Social Media,2.8,Low,322991
100234,2025-04-08,44,Male,North Central,7161628,Bronze,8,12,11475.84,No,Direct,3.4,Low,600377
100235,2025-03-31,64,Male,South West,1593240,Silver,2,10,33720.03,No,Online,1.6,Medium,896708
100236,2026-02-21,26,Female,North East,2784799,Silver,1,5,261515.47,No,Direct,4.6,Low,6043929
100237,2026-08-15,56,Female,South South,1057482,Silver,28,12,78267.4,No,Direct,1.1,High,1085886
100238,2025-06-08,36,Male,North Central,10600816,Gold,19,3,213556.37,No,Email,3.5,Medium,1816477
100239,2024-04-08,18,Male,North Central,5060198,Platinum,27,23,7352.32,No,Email,1.9,Low,912276
100240,2024-01-11,36,Female,South East,544382,Bronze,30,21,245849.13,Yes,Social Media,1.4,Medium,11874743
100241,2024-05-05,26,Male,North West,2620802,Bronze,3,21,11704.14,No,Direct,4.3,Low,1101632
100242,2025-11-07,47,Male,South South,1525090,Silver,40,18,168036.63,No,Direct,1.7,Medium,8740150
100243,2026-05-11,33,Male,North East,746068,Platinum,19,6,5510.13,Yes,Online,5.0,Low,176713
100244,2024-08-19,18,Female,South East,8489104,Silver,44,16,343232.08,No,Online,5.0,Low,29074926
100245,2025-03-03,47,Female,North Central,1885383,Gold,27,18,92995.94,Yes,Social Media,3.2,Medium,4884087
100246,2025-07-24,66,Female,South South,2786083,Silver,12,10,249078.66,Yes,Direct,4.7,Low,11347982
100247,2025-06-17,43,Female,South South,5129026,Gold,37,21,14145.97,No,Social Media,1.6,Medium,922751
100248,2024-11-04,40,Male,North East,5405118,Bronze,48,21,8277.87,Yes,Social Media,2.1,Medium,458787
100249,2025-03-15,22,Male,North East,5098737,Bronze,38,15,28660.19,No,Online,4.9,Medium,1109587
100250,2024-03-11,23,Female,North East,16125002,Silver,27,13,12855.96,No,Social Media,3.8,Low,822009
100251,2025-08-15,39,Female,North Central,1367518,Platinum,40,19,229908.57,No,Direct,3.9,Medium,14790117
100252,2026-03-27,72,Female,North West,16016610,Silver,35,16,33937.73,Yes,Social Media,2.1,Medium,1402204
100253,2025-09-23,49,Female,North Central,1371697,Silver,26,5,178114.99,Yes,Online,3.3,Medium,2299212
100254,2026-10-04,51,Female,North Central,11751377,Silver,5,8,82374.37,Yes,Email,1.8,Medium,1687810
100255,2024-02-29,47,Male,North West,7629014,Gold,13,18,16608.11,No,Email,2.2,Medium,918351
100256,2026-02-21,46,Male,South West,2670185,Silver,13,19,194665.03,No,Online,2.0,Medium,10208825
100257,2024-07-12,23,Female,North West,640140,Silver,40,11,80775.2,No,Social Media,3.8,Low,4655173
100258,2024-10-30,31,Female,North East,6466875,Bronze,30,18,25964.51,No,Email,1.3,High,538577
100259,2024-12-23,66,Male,North West,2987961,Bronze,28,7,277898.3,No,Social Media,4.0,Low,8443085
100260,2025-09-24,52,Female,North West,4666449,Silver,44,25,385080.85,No,Online,3.6,Medium,29077914
100261,2025-07-07,67,Female,North West,10806648,Silver,30,19,125548.17,Yes,Email,3.3,Medium,6856878
100262,2026-11-08,22,Male,South East,4021637,Platinum,48,20,37122.1,Yes,Online,2.6,Low,3860716
100263,2026-03-01,34,Female,South South,3214252,Silver,23,10,108608.75,No,Email,4.7,High,1820248
100264,2026-08-08,47,Male,South East,718969,Silver,26,12,26295.46,No,Online,3.5,Medium,956360
100265,2024-09-02,46,Female,North Central,1286674,Bronze,28,17,264766.03,Yes,Email,3.4,Low,20601674
100266,2026-11-23,44,Male,South South,3294680,Bronze,2,11,322431.4,No,Direct,1.4,Medium,8396685
100267,2025-07-04,34,Male,South West,2818019,Bronze,29,25,49803.09,No,Direct,2.0,Low,5664547
100268,2025-09-06,29,Female,South East,2741868,Platinum,16,2,17714.76,No,Email,4.9,Low,192343
100269,2024-06-05,74,Male,North East,3432350,Silver,24,11,16679.12,Yes,Direct,1.9,Medium,503002
100270,2025-12-23,66,Female,North West,6054996,Gold,8,24,70337.87,No,Email,4.3,Medium,5146514
100271,2025-02-24,73,Male,South West,5664124,Bronze,16,4,270355.7,No,Online,4.6,Low,5004452
100272,2026-07-10,41,Female,North East,4169863,Gold,8,23,113322.95,No,Online,1.4,Low,12242050
100273,2026-10-26,51,Male,North West,7763296,Bronze,14,1,49538.37,Yes,Email,2.6,Medium,114123
100274,2025-08-05,53,Male,North West,15001353,Bronze,30,5,8126.35,No,Online,2.3,High,36910
100275,2024-06-07,27,Male,South South,17685856,Silver,29,21,36195.24,No,Social Media,2.5,Low,3469337
100276,2024-04-15,23,Female,South West,3298942,Silver,48,1,7419.99,No,Online,1.3,High,9899
100277,2024-11-11,37,Male,North East,2828905,Silver,20,8,16035.44,No,Online,4.3,Low,616543
100278,2024-12-19,49,Male,North West,783214,Bronze,41,18,105534.44,No,Direct,4.8,Low,9394482
100279,2026-04-11,48,Female,South West,5875776,Silver,13,21,55996.51,Yes,Email,2.4,Medium,3340692
100280,2024-11-12,28,Female,South West,874207,Bronze,10,5,44593.38,Yes,Email,2.1,Medium,477689
100281,2025-08-20,29,Male,North East,14265646,Bronze,45,17,6905.07,Yes,Email,4.1,Medium,323693
100282,2024-09-17,18,Female,North East,12889905,Silver,28,12,68396.51,No,Email,3.0,Medium,2403784
100283,2025-06-30,22,Female,North West,4513204,Bronze,21,3,110564.97,No,Social Media,4.1,Medium,913677
100284,2026-08-08,21,Male,North East,1477363,Bronze,45,21,41124.86,No,Direct,2.1,Medium,2178730
100285,2025-03-19,36,Female,North Central,735358,Silver,47,25,363816.72,Yes,Email,2.7,Medium,25612395
100286,2025-07-13,50,Male,South East,15722588,Bronze,25,9,141827.22,No,Email,3.6,High,1579242
100287,2024-04-01,72,Male,North East,5225570,Bronze,13,2,141229.29,No,Online,2.3,Medium,745731
100288,2026-05-05,73,Female,North Central,1118172,Bronze,14,23,200946.73,No,Email,1.5,Low,20077108
100289,2026-08-05,48,Female,North East,1737134,Gold,42,5,35888.96,No,Email,4.4,Medium,561986
100290,2026-02-13,32,Male,North West,10770469,Gold,23,24,19019.54,No,Social Media,2.1,Medium,1270084
100291,2026-05-05,75,Female,North Central,1824233,Bronze,3,10,29542.52,Yes,Direct,3.6,Medium,699584
100292,2025-10-15,29,Male,North Central,830282,Bronze,24,24,261356.39,Yes,Email,1.8,Medium,15424766
100293,2026-05-21,44,Female,South East,19539765,Platinum,1,13,38912.6,Yes,Email,2.7,High,841788
100294,2026-04-24,19,Female,North Central,760705,Bronze,48,6,6499.75,Yes,Direct,2.8,Medium,97642
100295,2024-05-07,51,Female,North West,19202642,Silver,17,20,41150.66,No,Email,4.1,Low,3957630
100296,2025-07-17,32,Male,South East,580522,Bronze,34,17,5561.48,No,Direct,2.2,Medium,222668
100297,2026-07-03,69,Male,South South,3537981,Gold,9,13,48941.75,No,Email,2.9,Low,3015101
100298,2025-01-22,53,Female,South South,19512770,Bronze,45,7,6924.96,Yes,Social Media,2.6,Low,226380
100299,2025-07-09,60,Male,South South,19112307,Silver,8,16,25759.76,Yes,Social Media,1.6,Medium,1037556
100300,2026-03-08,63,Female,North Central,6567217,Bronze,14,17,319905.52,Yes,Online,2.8,Medium,12828763
100301,2026-05-27,30,Male,North West,1279390,Bronze,39,18,11512.59,No,Direct,2.3,Medium,575820
100302,2024-01-10,27,Male,North West,7939248,Silver,16,24,8780.75,Yes,Online,3.4,Low,1038600
100303,2024-01-06,63,Male,South East,15263406,Silver,22,23,102808.95,No,Email,4.2,Low,11419595
100304,2025-05-27,40,Male,South South,1581354,Gold,41,15,33514.35,No,Email,2.0,Medium,1533163
100305,2024-06-02,46,Male,North West,1257594,Gold,31,23,338240.67,No,Online,3.2,Medium,24373459
100306,2026-08-18,71,Male,South South,2922763,Bronze,13,21,16079.62,No,Email,1.0,Medium,768352
100307,2024-10-07,32,Male,North West,3681763,Silver,34,3,13870.05,Yes,Online,2.6,Medium,113774
100308,2024-01-18,48,Female,North East,11548322,Bronze,38,21,20660.66,Yes,Social Media,4.9,Low,2038462
100309,2024-07-05,51,Female,South South,8517429,Bronze,37,24,11239.65,Yes,Online,1.5,Medium,700306
100310,2025-09-29,65,Male,North Central,3971895,Silver,40,9,9989.28,Yes,Online,1.0,Medium,247228
100311,2026-03-02,36,Male,South South,10948134,Bronze,11,8,300733.25,No,Online,2.4,Medium,5707990
100312,2024-01-25,19,Male,North West,12432080,Silver,10,10,21840.27,No,Social Media,3.3,Medium,611849
100313,2024-03-18,37,Female,North Central,3381352,Silver,40,17,73700.4,Yes,Email,4.6,Low,6473276
100314,2025-09-23,67,Female,North West,2757504,Silver,42,22,141991.96,Yes,Email,2.0,High,3911747
100315,2026-08-22,58,Male,North West,2951467,Silver,41,6,159174.28,Yes,Online,2.4,High,1413050
100316,2024-06-20,74,Male,South West,3682280,Bronze,50,19,279535.77,Yes,Social Media,2.3,High,6424601
100317,2024-04-30,43,Female,North Central,14679295,Bronze,48,1,5712.81,No,Direct,4.4,Medium,16098
100318,2026-12-16,25,Male,North East,582991,Bronze,44,9,30619.43,Yes,Email,4.2,Low,1284851
100319,2024-04-12,38,Male,South East,2895245,Silver,41,9,84191.44,Yes,Email,2.5,Low,3660643
100320,2024-09-26,50,Male,South West,6599879,Bronze,8,9,8027.5,No,Direct,4.2,Low,298044
100321,2024-11-01,35,Male,North West,4439346,Bronze,32,23,214749.7,No,Direct,1.1,Medium,10011290
100322,2026-02-16,28,Male,North West,4308279,Silver,27,15,189054.31,Yes,Direct,3.4,Medium,8730900
100323,2025-11-09,31,Female,South South,2628141,Silver,46,18,16422.14,No,Email,1.6,High,328450
100324,2024-05-10,67,Female,North Central,8584675,Bronze,6,4,24476.99,No,Social Media,5.0,Low,449011
100325,2026-07-02,24,Male,North East,11000622,Bronze,15,12,22348.81,No,Online,1.8,Low,1194133
100326,2024-05-06,37,Male,North East,7257170,Silver,36,14,185533.5,No,Email,3.6,Medium,7984878
100327,2025-09-24,42,Female,South West,844405,Bronze,36,2,14805.17,No,Online,2.9,Medium,74297
100328,2024-10-02,63,Female,North Central,6964080,Bronze,12,3,117059.92,Yes,Direct,1.8,Medium,874845
100329,2024-03-02,55,Male,South West,2646159,Silver,23,6,35006.19,No,Social Media,4.3,Low,977459
100330,2024-07-16,65,Female,North West,541331,Bronze,19,19,9010.41,No,Direct,1.0,High,135697
100331,2024-09-08,45,Male,South East,938288,Bronze,27,15,8685.93,No,Social Media,2.8,High,160944
100332,2026-05-19,39,Male,South South,1127800,Bronze,29,7,126310.43,Yes,Online,2.8,Medium,2070738
100333,2026-03-03,48,Female,South South,9367790,Platinum,49,19,44477.67,No,Social Media,3.2,Low,4717900
100334,2026-05-03,34,Male,South South,4046048,Silver,47,11,21031.99,Yes,Social Media,1.2,High,304472
100335,2026-08-30,71,Male,North East,17407263,Gold,45,19,71939.73,Yes,Direct,1.4,Medium,3810482
100336,2024-06-30,72,Male,South East,1737107,Bronze,9,11,51003.07,Yes,Online,4.3,Medium,1481773
100337,2026-07-26,30,Female,South South,1378787,Silver,14,14,50504.9,Yes,Direct,1.1,High,773320
100338,2026-11-28,72,Male,North West,19313990,Platinum,48,3,261474.81,Yes,Email,2.4,Medium,2411935
100339,2025-04-15,38,Male,North Central,654676,Silver,10,12,94058.89,Yes,Social Media,1.9,Medium,2767683
100340,2025-09-06,64,Female,South West,5940110,Silver,35,12,201120.66,No,Online,1.1,Medium,6474878
100341,2025-06-23,36,Male,North East,6135185,Gold,22,8,11021.59,Yes,Email,4.5,Low,410715
100342,2025-12-29,64,Male,South South,3570729,Bronze,10,18,84554.51,Yes,Social Media,2.8,Medium,3378340
100343,2026-01-11,33,Male,North East,8461751,Silver,29,17,38490.36,No,Direct,4.6,Low,3421305
100344,2025-10-27,18,Female,North Central,3410837,Bronze,46,24,46396.6,No,Online,3.6,Low,5627571
100345,2024-01-14,39,Male,North West,1888773,Platinum,48,24,29954.67,No,Email,1.2,Medium,2373112
100346,2026-11-11,39,Female,South West,11107552,Silver,9,17,57477.46,No,Online,3.0,Medium,2649926
100347,2025-09-17,75,Female,South South,2006935,Bronze,15,6,10043.12,No,Social Media,4.7,Low,260935
100348,2025-02-24,46,Female,North West,769196,Platinum,39,23,44129.36,Yes,Social Media,1.6,Medium,3334342
100349,2024-02-28,54,Female,South South,17983788,Bronze,35,18,276780.03,Yes,Email,4.7,Low,22293906
100350,2024-08-06,65,Male,North Central,4040381,Bronze,16,15,377047.13,No,Social Media,3.4,Low,24904442
100351,2024-08-23,51,Female,South South,2305082,Platinum,30,25,241173.56,Yes,Direct,1.2,Medium,19321645
100352,2025-03-03,42,Female,South East,15828721,Gold,19,24,36285.42,No,Direct,2.7,Low,3980961
100353,2025-01-18,35,Male,South South,19317897,Bronze,31,5,214063.73,No,Online,1.9,High,1217881
100354,2026-12-17,63,Female,South South,716836,Silver,42,2,57161.51,No,Direct,2.8,Medium,344750
100355,2026-07-24,39,Male,North Central,1127613,Bronze,34,9,121256.39,No,Email,4.0,Medium,2484564
100356,2026-08-10,20,Female,South East,3325466,Silver,6,18,23300.41,No,Direct,2.6,Medium,1132665
100357,2024-01-25,32,Female,South South,3556880,Bronze,29,11,61947.98,No,Email,4.5,Low,3045060
100358,2026-09-23,58,Male,South West,9285359,Silver,23,7,213836.57,Yes,Online,2.4,Low,7126217
100359,2024-07-02,70,Female,North Central,12302516,Bronze,45,19,385838.09,No,Email,1.7,High,8453418
100360,2026-09-02,23,Male,South East,616433,Platinum,10,3,14082.76,Yes,Email,1.2,Medium,132174
100361,2026-03-30,46,Male,North Central,6467970,Bronze,43,4,42227.27,Yes,Online,4.7,Medium,479432
100362,2025-09-23,32,Female,North Central,8026808,Platinum,45,6,26891.38,Yes,Email,1.2,High,273474
100363,2025-12-29,36,Female,North West,2392806,Gold,12,14,16942.98,No,Email,3.2,Medium,717180
100364,2026-05-20,24,Female,North West,16262334,Bronze,41,25,15271.24,No,Online,2.6,Low,1800926
100365,2026-07-28,69,Male,North Central,5194046,Bronze,19,10,7684.51,Yes,Email,4.9,Low,377641
100366,2025-02-20,45,Female,South East,5827515,Bronze,32,9,32058.87,No,Email,3.5,Medium,736509
100367,2026-01-22,54,Female,South South,950108,Bronze,49,20,14240.19,Yes,Direct,4.8,Low,1332366
100368,2026-01-31,71,Male,South West,637070,Bronze,37,25,5868.58,No,Online,3.2,Medium,380544
100369,2026-10-17,20,Male,South South,3031519,Silver,8,7,144475.75,Yes,Email,4.5,Low,4911402
100370,2026-01-30,35,Male,South West,579885,Silver,34,10,237475.65,No,Email,4.9,Low,12593332
100371,2024-07-19,45,Male,North West,12089720,Silver,1,25,17401.23,No,Online,3.0,Low,2063472
100372,2024-11-13,49,Male,North West,5629259,Gold,8,1,29936.77,Yes,Online,2.5,High,37624
100373,2026-11-08,72,Female,North East,14457383,Bronze,44,17,250288.42,Yes,Email,4.2,Low,20436073
100374,2025-08-19,33,Male,North Central,517686,Silver,4,6,50171.55,No,Email,1.7,High,365777
100375,2025-08-11,38,Male,North East,4667547,Bronze,9,14,13044.27,No,Direct,4.4,Low,783256
100376,2025-05-12,40,Female,North East,2891483,Silver,5,16,42592.71,No,Direct,2.8,Medium,1787756
100377,2026-04-12,60,Male,North West,1511820,Bronze,4,7,60248.63,No,Online,2.9,High,434931
100378,2024-10-21,70,Female,South South,6019182,Bronze,7,22,41203.41,Yes,Direct,1.8,Medium,2261900
100379,2025-08-24,56,Female,South East,4391480,Silver,36,20,134476.11,No,Social Media,2.8,Medium,8152005
100380,2024-01-08,47,Male,South East,19546680,Silver,45,10,140026.11,No,Online,3.7,High,2305433
100381,2025-06-29,50,Male,South South,7790463,Silver,37,2,246124.94,No,Direct,1.1,High,667409
100382,2026-01-08,24,Female,North West,915553,Bronze,35,3,31857.87,Yes,Direct,4.9,Medium,272903
100383,2025-10-25,18,Female,North East,14927540,Platinum,36,22,5894.11,No,Social Media,2.0,Low,666516
100384,2025-12-30,60,Male,South South,5567412,Gold,39,25,193216.58,Yes,Social Media,3.4,Low,24765599
100385,2024-07-08,57,Male,South East,1668418,Bronze,3,23,38139.36,No,Direct,3.9,Low,3900990
100386,2026-01-02,67,Female,South West,1568529,Bronze,21,3,18285.61,Yes,Social Media,2.5,High,61127
100387,2026-03-25,31,Male,South West,1124531,Platinum,27,23,20516.35,No,Email,1.1,High,825896
100388,2026-08-01,71,Female,South West,15979357,Bronze,30,8,6811.18,Yes,Email,3.5,Medium,140454
100389,2024-01-02,24,Male,South West,4600894,Gold,38,1,7088.63,No,Online,1.9,High,11993
100390,2026-09-30,24,Female,North West,12191558,Bronze,49,1,6292.79,Yes,Direct,5.0,Medium,19075
100391,2025-10-21,52,Female,South South,4108851,Bronze,47,6,10955.56,No,Social Media,1.9,Medium,180524
100392,2025-09-16,54,Female,North East,6387026,Silver,37,4,55596.12,No,Online,2.5,Medium,607788
100393,2025-03-10,39,Female,North Central,16438727,Bronze,50,4,18360.93,No,Email,1.2,High,73545
100394,2025-08-12,30,Male,South East,3052994,Silver,5,25,92911.0,Yes,Direct,1.5,Low,9625708
100395,2026-12-05,22,Male,North West,1181866,Gold,43,9,194633.88,No,Direct,3.6,Low,9773804
100396,2025-02-19,18,Female,North East,3076076,Bronze,35,9,103721.96,No,Email,2.1,High,1080170
100397,2024-10-24,65,Female,South East,1314177,Silver,48,10,18268.86,No,Online,2.1,Medium,518734
100398,2025-01-24,65,Male,North West,13640178,Platinum,26,22,58420.72,No,Email,3.9,Low,6618302
100399,2024-12-05,36,Male,South East,2046606,Bronze,34,20,248756.53,No,Social Media,4.3,Low,22168770
100400,2026-03-14,33,Female,North East,3379347,Bronze,50,4,105667.62,Yes,Online,3.5,Low,1868929
100401,2026-05-31,20,Male,South East,13332479,Gold,44,19,326025.16,Yes,Social Media,2.4,Low,31804243
100402,2026-09-29,55,Female,North East,1017927,Silver,38,16,18358.64,Yes,Email,1.7,Medium,763650
100403,2025-06-02,74,Female,South East,4747706,Bronze,40,18,9630.74,Yes,Online,2.6,High,204641
100404,2024-02-19,67,Male,North West,1167843,Gold,5,13,8062.3,Yes,Email,3.4,Medium,300842
100405,2026-02-23,40,Female,North Central,2575384,Silver,3,21,21261.81,No,Direct,2.4,Low,1919086
100406,2024-04-14,54,Female,South East,508944,Silver,37,5,29961.57,No,Direct,3.6,Medium,439315
100407,2026-05-17,52,Female,North Central,531272,Bronze,17,15,18385.38,No,Email,2.1,High,338903
100408,2024-09-28,21,Male,South East,7219314,Gold,24,7,43098.41,No,Online,2.4,Medium,992017
100409,2026-11-08,60,Male,South West,7777425,Bronze,48,13,18197.59,No,Direct,3.9,Medium,686265
100410,2025-04-15,59,Female,North East,3298098,Bronze,40,5,5016.37,Yes,Social Media,4.9,Low,120689
100411,2026-05-19,75,Female,North West,9449005,Bronze,47,5,11026.39,Yes,Social Media,2.5,Medium,145504
100412,2026-08-12,39,Male,North West,816577,Bronze,16,13,22426.61,Yes,Online,4.6,Low,1269576
100413,2026-11-28,61,Female,North Central,4685012,Silver,28,23,176514.6,Yes,Direct,3.2,Low,19216948
100414,2024-06-30,36,Male,North East,1777864,Gold,23,1,162897.51,No,Email,4.7,Low,799542
100415,2024-12-25,52,Female,North East,1196399,Silver,6,11,9601.5,No,Online,1.4,Medium,258071
100416,2026-09-03,43,Female,South West,15659408,Silver,46,10,25840.0,Yes,Social Media,1.9,Medium,655314
100417,2024-01-13,35,Female,North East,10901138,Platinum,29,10,135853.39,No,Direct,1.8,High,2430937
100418,2026-02-04,47,Female,North West,9465952,Bronze,16,1,5604.49,Yes,Social Media,4.4,Medium,14493
100419,2025-12-20,44,Male,North East,16086935,Bronze,13,5,75065.5,No,Email,3.9,Medium,890731
100420,2026-03-08,56,Male,South East,6381813,Gold,13,5,8224.33,Yes,Email,1.1,High,53641
100421,2026-08-24,58,Male,South East,607958,Gold,7,1,118817.39,No,Email,3.2,Medium,359536
100422,2025-01-13,30,Female,South West,7998081,Bronze,6,18,26769.62,Yes,Social Media,2.0,Low,1994025
100423,2024-11-08,65,Male,North Central,559094,Bronze,27,8,272795.71,No,Direct,1.3,Medium,4860230
100424,2026-04-22,69,Female,South West,747791,Bronze,11,24,33641.1,No,Social Media,3.9,Medium,2116749
100425,2025-05-09,47,Female,North East,7242371,Gold,18,16,37872.88,Yes,Direct,4.9,Medium,1816047
100426,2024-03-03,61,Male,South East,7270517,Bronze,32,19,7567.39,No,Direct,3.5,Medium,370322
100427,2025-08-05,51,Female,North Central,3387284,Silver,29,7,79856.14,No,Direct,1.5,High,601035
100428,2026-12-13,46,Female,South East,620073,Gold,29,5,213751.04,No,Email,1.2,High,1669615
100429,2025-05-02,33,Male,North Central,11458220,Silver,23,11,153636.81,Yes,Online,1.1,Medium,4104496
100430,2025-01-11,67,Male,South West,10017796,Bronze,21,24,254279.44,Yes,Online,1.0,Medium,13749229
100431,2024-02-12,39,Female,South South,4120525,Silver,9,25,45843.41,No,Direct,3.2,Low,5445599
100432,2026-10-08,44,Female,North West,609896,Bronze,22,10,320017.37,Yes,Email,3.8,Low,14085363
100433,2024-04-16,67,Female,North Central,6066068,Platinum,28,9,57823.42,Yes,Direct,3.2,Low,2543246
100434,2024-11-20,48,Male,North East,8755358,Bronze,43,20,6053.48,No,Direct,4.2,Low,582082
100435,2024-09-25,47,Male,South East,1944470,Gold,36,14,165027.39,Yes,Direct,2.3,Medium,6745893
100436,2026-06-24,37,Male,North Central,8431009,Silver,15,1,88088.44,Yes,Online,4.4,Low,419668
100437,2024-07-25,25,Female,South East,3994438,Bronze,7,12,21336.65,No,Direct,2.3,High,235494
100438,2026-11-30,34,Male,North West,921881,Bronze,22,2,14348.56,Yes,Email,3.7,Low,127923
100439,2026-06-20,38,Male,North East,1212016,Bronze,20,13,7244.34,No,Social Media,2.1,High,110998
100440,2024-01-20,37,Male,South East,844264,Gold,1,22,64765.15,Yes,Social Media,1.4,Medium,4072264
100441,2026-05-19,23,Male,North Central,7957105,Platinum,35,3,6359.22,No,Social Media,4.9,Low,107557
100442,2024-04-28,55,Male,South West,3402893,Platinum,26,24,143472.05,No,Online,3.1,Low,19677298
100443,2025-11-17,46,Male,North West,5881327,Bronze,24,12,180374.47,No,Direct,4.4,Medium,5805770
100444,2025-09-07,30,Female,North West,6537162,Platinum,38,25,24002.22,Yes,Direct,3.5,Medium,2092612
100445,2025-08-17,45,Male,South East,1347939,Platinum,2,21,6784.32,Yes,Email,2.0,Medium,428446
100446,2026-04-11,22,Female,North East,5375747,Bronze,36,9,48907.11,No,Direct,1.4,High,464867
100447,2025-12-03,19,Male,North Central,17866828,Silver,37,6,12842.23,No,Online,2.2,Medium,196456
100448,2024-07-17,18,Female,North Central,714482,Platinum,21,21,141264.46,No,Social Media,1.9,Low,14496216
100449,2026-01-28,37,Male,South East,16186480,Silver,22,20,281571.69,No,Direct,4.7,Low,27151214
100450,2026-04-21,28,Male,North West,4792096,Platinum,11,4,111774.34,Yes,Email,4.5,Medium,1394995
100451,2025-07-15,66,Male,South West,1359630,Silver,9,9,8298.51,No,Online,1.2,Medium,203032
100452,2024-07-27,21,Male,South West,634985,Gold,1,2,53084.5,Yes,Social Media,4.6,Low,533356
100453,2024-07-01,56,Female,South East,616235,Gold,20,5,13599.67,No,Direct,4.8,Medium,186978
100454,2025-02-08,27,Male,South South,2194259,Bronze,40,20,148740.54,No,Direct,1.3,Low,13312504
100455,2026-07-01,64,Female,North West,1603265,Silver,34,12,306942.72,No,Social Media,2.5,Medium,10112331
100456,2026-08-15,18,Female,South South,1598225,Gold,46,16,255346.8,No,Online,4.3,Low,20847592
100457,2024-10-25,35,Female,North Central,2794649,Bronze,4,4,63000.28,No,Direct,4.9,Low,1044644
100458,2026-09-28,60,Female,South West,7618552,Silver,16,5,104828.11,Yes,Email,1.0,Medium,1399031
100459,2025-09-13,73,Male,North Central,6707527,Gold,48,7,48290.98,No,Online,3.3,Low,1836313
100460,2026-10-26,73,Female,South South,2678263,Bronze,38,12,7205.37,Yes,Email,2.6,Medium,205257
100461,2026-03-29,71,Male,North East,14718476,Gold,12,7,92094.46,No,Direct,4.5,Low,3410434
100462,2026-05-16,18,Female,South East,12477485,Platinum,35,20,36081.42,No,Direct,3.4,Medium,2448857
100463,2026-12-27,39,Female,South West,970298,Bronze,37,20,23524.66,Yes,Social Media,2.4,Medium,1123602
100464,2024-12-26,56,Female,North Central,2576091,Bronze,41,17,273187.84,No,Email,2.8,Medium,12445139
100465,2025-01-12,72,Male,North East,2879210,Gold,28,2,9755.82,No,Social Media,2.8,High,37242
100466,2025-06-16,42,Male,South South,3281986,Gold,19,6,32752.05,Yes,Direct,4.9,Low,1047309
100467,2024-12-27,31,Female,South West,592672,Bronze,37,7,126971.27,No,Social Media,1.9,Medium,2041630
100468,2025-07-20,74,Male,South West,4638079,Gold,14,3,18526.31,No,Online,4.0,Low,293690
100469,2025-11-10,23,Male,South West,1085713,Platinum,27,4,114040.01,Yes,Direct,1.4,Low,2207151
100470,2026-05-19,60,Female,North Central,16036851,Gold,1,14,45301.3,Yes,Online,1.3,Medium,1798290
100471,2026-04-17,27,Female,North West,818510,Silver,36,9,377535.15,No,Online,4.4,Medium,9793892
100472,2025-07-01,67,Female,North West,1046417,Bronze,15,22,6700.28,No,Email,4.6,Medium,385702
100473,2026-01-02,54,Male,South West,1643841,Platinum,41,8,16670.5,No,Online,1.2,Medium,401681
100474,2026-07-06,49,Female,North West,8038016,Silver,24,5,152156.66,Yes,Email,3.6,Low,3709897
100475,2026-06-16,25,Female,North West,4245032,Bronze,48,20,62176.83,Yes,Email,2.7,Medium,3151101
100476,2026-09-27,36,Male,South East,5331167,Silver,41,22,13237.55,No,Direct,1.6,Low,1271754
100477,2026-10-28,50,Female,South East,12511909,Bronze,8,24,35283.72,No,Direct,3.5,Low,3720548
100478,2026-07-24,26,Male,South West,6426831,Platinum,26,3,219403.36,No,Social Media,4.4,Low,3454091
100479,2024-11-14,30,Male,North East,5936339,Silver,33,1,350346.68,No,Direct,3.9,Medium,1014673
100480,2025-01-26,20,Female,South West,2364765,Bronze,19,6,106656.6,Yes,Online,3.0,Medium,1630622
100481,2024-03-07,40,Female,South East,756817,Bronze,15,2,55847.1,Yes,Online,4.9,Medium,304649
100482,2024-12-17,43,Male,North Central,650510,Bronze,33,12,269622.66,No,Online,4.3,Low,14346079
100483,2025-07-20,57,Female,South West,3762954,Silver,7,16,91238.03,No,Online,3.2,Medium,3634393
100484,2024-05-27,30,Male,South West,10218650,Bronze,4,25,146256.48,Yes,Email,4.6,Medium,9937576
100485,2026-07-27,21,Male,North East,955167,Bronze,39,7,48873.53,Yes,Online,4.3,Low,1537926
100486,2025-09-17,26,Female,North West,758230,Bronze,1,14,328552.88,No,Online,1.7,Medium,10358799
100487,2026-06-16,59,Female,North West,11349192,Platinum,11,7,5091.07,Yes,Social Media,4.4,Medium,105068
100488,2026-05-25,63,Female,North West,2601134,Gold,19,3,27868.71,Yes,Online,2.2,Medium,232937
100489,2025-07-16,59,Female,North Central,6150252,Silver,37,11,18355.65,No,Email,4.5,Medium,591891
100490,2025-09-27,23,Male,South West,8331833,Silver,27,21,30445.82,No,Email,1.4,Medium,1659780
100491,2026-11-29,23,Male,South East,5765027,Gold,23,12,9424.25,Yes,Email,4.3,Low,593280
100492,2025-01-21,70,Female,North Central,9833382,Bronze,39,6,21738.81,Yes,Online,4.5,Medium,346080
100493,2026-01-20,69,Male,South East,669292,Bronze,22,6,18134.88,Yes,Direct,2.0,High,103937
100494,2026-06-30,68,Female,North West,3600240,Gold,31,19,11780.91,No,Online,3.9,Medium,751501
100495,2025-07-24,25,Female,North East,3163292,Gold,18,17,10029.19,No,Email,4.0,Low,844827
100496,2026-02-25,59,Female,North East,7188864,Bronze,14,21,117447.56,Yes,Direct,3.4,Medium,6692221
100497,2026-04-02,53,Female,North West,1872243,Silver,29,14,26784.34,No,Email,1.4,Medium,985667
100498,2024-05-30,27,Female,South South,521139,Bronze,29,9,38870.16,Yes,Online,4.7,Low,1555463
100499,2026-01-11,34,Male,North Central,980499,Gold,47,19,21957.21,Yes,Social Media,4.6,Low,2229105
100500,2026-12-02,64,Male,South East,2503391,Gold,49,23,17389.29,Yes,Social Media,1.6,High,626583
100501,2025-11-18,20,Female,South West,3648866,Bronze,12,23,15813.37,Yes,Social Media,3.7,Low,1595832
100502,2026-01-16,59,Female,North East,905822,Silver,18,3,58459.32,No,Social Media,2.8,Medium,500582
100503,2024-02-04,32,Female,South East,952001,Bronze,28,9,83947.05,Yes,Direct,2.2,Medium,1865648
100504,2025-04-27,46,Female,South South,633727,Bronze,25,21,16760.01,No,Email,3.9,Low,1675146
100505,2025-04-04,64,Male,South East,2739880,Platinum,15,15,85853.4,No,Direct,1.4,High,2191481
100506,2024-04-26,29,Female,South West,18439460,Silver,29,12,116025.36,No,Direct,4.8,Low,7408196
100507,2026-12-21,34,Female,South South,2756831,Platinum,15,1,72774.73,No,Email,3.7,High,143073
100508,2024-08-16,50,Female,South South,532210,Bronze,27,22,22008.44,No,Social Media,2.3,Low,2212898
100509,2026-01-14,53,Male,South East,2020503,Bronze,8,4,42428.02,Yes,Direct,3.9,Medium,429239
100510,2026-12-08,38,Female,South East,4619259,Silver,31,2,96462.35,No,Social Media,2.5,High,240305
100511,2026-10-27,63,Male,South East,830566,Platinum,19,15,151093.63,No,Social Media,2.0,Low,11421773
100512,2025-12-18,31,Female,North East,804223,Silver,43,23,75434.65,No,Direct,3.2,Medium,5129028
100513,2024-09-03,55,Female,South West,1122643,Gold,23,21,5492.81,No,Online,2.6,Low,564829
100514,2026-01-28,35,Female,North East,16690964,Bronze,43,1,10232.43,Yes,Online,1.8,Medium,25164
100515,2026-03-05,67,Female,South East,15607199,Bronze,3,9,10318.99,Yes,Email,3.7,Low,399284
100516,2025-06-08,56,Male,South South,503114,Platinum,50,19,11080.95,No,Email,2.3,Low,1160544
100517,2026-04-14,21,Male,North West,5667403,Bronze,15,1,143828.96,No,Email,5.0,Low,740275
100518,2026-07-15,67,Male,North West,667664,Bronze,49,13,72794.09,No,Email,1.8,Medium,2418429
100519,2024-09-08,21,Female,South South,1957838,Gold,46,5,13840.17,No,Email,1.0,Medium,207663
100520,2026-12-19,38,Female,North West,5783600,Silver,32,23,38917.03,No,Online,2.3,Medium,2457758
100521,2024-06-26,33,Female,North West,3755986,Platinum,33,18,128647.89,No,Online,2.0,Medium,6687962
100522,2025-07-22,27,Male,North West,672033,Platinum,12,21,26197.37,No,Email,2.2,Medium,1855940
100523,2026-04-17,63,Male,South East,2289230,Bronze,3,10,28346.71,No,Email,2.6,Medium,757008
100524,2024-12-11,24,Female,South East,2428334,Silver,35,24,340383.85,No,Social Media,4.7,Medium,26065098
100525,2025-05-17,55,Male,North East,14884240,Silver,9,11,46495.66,Yes,Social Media,2.0,Medium,1319743
100526,2026-10-21,59,Female,North West,555850,Gold,21,6,49213.82,Yes,Social Media,4.7,Low,1440918
100527,2025-02-05,58,Female,North East,2336005,Bronze,22,8,19797.54,No,Online,2.8,High,176032
100528,2025-08-05,72,Male,North West,2857754,Gold,6,23,321011.47,Yes,Social Media,1.7,Medium,22139804
100529,2024-08-02,46,Female,South East,1259241,Gold,17,13,18100.17,No,Social Media,1.8,Medium,702723
100530,2024-12-25,69,Male,North East,10268609,Gold,27,25,15344.19,No,Online,1.2,Medium,1087403
100531,2026-06-03,28,Female,North East,574096,Silver,35,3,11109.25,No,Social Media,2.5,High,51005
100532,2025-02-28,45,Female,North Central,9355855,Bronze,17,5,28511.78,No,Direct,1.7,High,133175
100533,2024-09-26,21,Male,South West,14990336,Bronze,39,25,191617.9,Yes,Direct,1.7,Medium,12827603
100534,2024-10-18,36,Male,South South,12570469,Gold,2,20,136751.31,No,Social Media,1.7,Low,13181742
100535,2025-02-10,31,Female,North East,10576139,Silver,18,7,28346.12,No,Email,1.9,Medium,540039
100536,2024-09-24,63,Female,South South,14623211,Silver,41,25,326747.83,No,Email,3.4,Medium,23241064
100537,2024-02-08,75,Female,North Central,19019163,Gold,33,1,21843.94,No,Direct,1.1,Medium,62036
100538,2025-02-20,43,Female,North East,602238,Platinum,40,9,36422.23,No,Online,2.2,Medium,1125505
100539,2025-12-17,32,Male,North West,1764460,Bronze,14,24,160325.75,No,Email,1.3,Medium,8605419
100540,2024-02-24,56,Female,North West,5963360,Bronze,9,21,33505.42,Yes,Online,3.8,Medium,1775464
100541,2025-03-21,72,Female,South South,532683,Silver,32,1,266237.9,No,Email,2.4,Low,1253728
100542,2024-02-08,28,Female,North East,6089686,Silver,7,16,156727.3,Yes,Online,1.3,High,2681566
100543,2026-06-14,31,Male,South East,2329331,Silver,19,12,64185.12,No,Social Media,1.8,High,1206464
100544,2025-01-14,28,Male,South South,649895,Bronze,38,12,144528.04,No,Email,3.3,Low,8339513
100545,2026-10-30,30,Female,North East,15833036,Bronze,27,2,6563.6,No,Social Media,5.0,Medium,36306
100546,2024-09-05,72,Female,South West,727135,Bronze,45,2,7656.22,No,Online,4.3,High,19847
100547,2025-01-08,20,Female,South West,9828335,Bronze,36,6,10193.23,No,Online,4.3,Low,300839
100548,2025-09-16,31,Female,South South,14164242,Bronze,33,2,133141.34,Yes,Social Media,1.2,Medium,584660
100549,2025-10-28,50,Male,South East,985430,Bronze,48,5,205819.14,No,Online,1.1,High,1020681
100550,2026-03-17,39,Female,South South,1802134,Gold,23,21,22373.42,No,Social Media,3.2,Low,2435870
100551,2025-03-15,56,Female,South East,1384073,Bronze,35,18,9093.87,No,Online,2.7,Medium,448546
100552,2024-05-23,57,Female,South West,3010784,Platinum,33,21,67915.74,No,Online,3.6,Low,7448123
100553,2024-09-21,56,Male,North East,1040588,Silver,22,4,16898.59,Yes,Online,2.7,Medium,176184
100554,2025-04-15,73,Male,South West,8105259,Gold,19,25,40444.12,Yes,Direct,2.9,Low,4818676
100555,2024-08-09,48,Female,North West,1021686,Silver,12,12,28319.09,Yes,Online,2.4,Medium,887708
100556,2026-06-02,34,Female,South South,2074563,Bronze,7,15,51870.29,No,Social Media,2.2,High,847277
100557,2026-12-06,56,Male,South South,16983297,Silver,14,17,17578.6,Yes,Direct,3.1,Low,1318684
100558,2024-12-28,40,Male,South South,14327041,Gold,24,3,5694.22,No,Direct,4.4,Medium,52069
100559,2026-05-12,52,Male,South East,4299613,Gold,20,2,123476.01,No,Direct,4.4,Medium,762802
100560,2026-06-30,25,Female,South East,6399689,Bronze,13,3,81000.65,No,Online,4.2,Medium,621686
100561,2025-06-20,56,Female,South West,11603126,Gold,4,12,311471.35,Yes,Social Media,3.7,Low,18901476
100562,2025-06-20,59,Female,North West,521254,Silver,11,18,12047.13,No,Email,4.5,Low,1037275
100563,2025-09-18,35,Female,South East,7190139,Platinum,50,4,12472.01,Yes,Online,1.5,High,86672
100564,2024-12-18,28,Male,South East,10205213,Bronze,37,8,65132.94,Yes,Email,1.8,High,402345
100565,2025-10-08,43,Female,South South,2713535,Silver,43,7,221243.11,No,Social Media,2.1,Low,7413079
100566,2024-07-24,54,Male,South South,13105712,Bronze,14,11,14428.07,No,Direct,4.1,Medium,475790
100567,2024-07-24,39,Female,South South,1476449,Bronze,29,11,313436.84,Yes,Social Media,2.6,Medium,8350979
100568,2026-12-25,44,Male,North Central,3324842,Bronze,27,18,21092.84,Yes,Online,4.0,Low,1807825
100569,2025-12-12,57,Female,South East,13764068,Silver,3,18,45683.97,No,Online,4.4,Medium,2279467
100570,2026-12-18,25,Male,North East,10315994,Bronze,2,2,67608.12,Yes,Online,1.4,High,154503
100571,2025-07-13,71,Male,North Central,9697834,Bronze,34,21,6698.43,No,Email,1.3,Medium,359739
100572,2024-03-02,60,Male,South South,2410283,Silver,8,20,42863.21,Yes,Social Media,1.7,High,1105659
100573,2026-05-07,68,Female,North West,11018321,Gold,48,5,50763.1,Yes,Direct,1.7,High,419106
100574,2024-02-19,71,Male,North West,13515361,Silver,46,9,62904.89,Yes,Social Media,2.6,Low,2961360
100575,2026-07-26,18,Female,North Central,10938448,Bronze,17,10,6246.83,No,Direct,3.2,High,76288
100576,2025-05-23,39,Female,North East,708641,Bronze,15,19,7485.53,No,Direct,3.3,Medium,357805
100577,2024-04-25,62,Male,South West,844083,Bronze,42,11,31550.26,No,Direct,4.6,Medium,1032817
100578,2024-12-06,38,Male,North West,1731275,Platinum,29,11,29527.06,No,Online,1.3,Low,1588300
100579,2026-12-20,61,Male,South West,750375,Bronze,40,15,90268.77,No,Online,3.7,Medium,3734895
100580,2024-04-03,61,Male,South West,1007306,Bronze,27,18,10808.26,Yes,Social Media,3.8,Low,881862
100581,2024-04-11,49,Female,South South,2120222,Bronze,7,23,157221.98,No,Social Media,4.7,Low,15949090
100582,2024-12-22,71,Male,North Central,11032441,Silver,22,24,195884.36,No,Online,4.2,Low,23457057
100583,2026-10-22,26,Female,North West,15480450,Bronze,41,24,346056.19,No,Online,2.3,Medium,21578528
100584,2024-09-30,32,Male,South South,4596472,Bronze,31,9,369986.66,Yes,Email,3.0,Medium,9385137
100585,2025-01-03,21,Male,South West,10384392,Bronze,16,9,41632.84,No,Direct,1.0,Medium,876047
100586,2025-09-01,55,Female,South South,1462877,Silver,30,5,27379.47,No,Social Media,4.0,Low,651719
100587,2025-08-31,35,Male,North East,14721941,Silver,4,13,35578.17,Yes,Social Media,1.7,High,619462
100588,2024-04-02,25,Male,South East,4233443,Bronze,47,16,179344.46,No,Social Media,2.0,Medium,7405681
100589,2026-08-20,23,Female,South South,16520075,Silver,35,9,161279.88,No,Social Media,3.1,Medium,4089461
100590,2024-10-27,30,Female,South East,1990200,Gold,44,21,146136.78,No,Direct,2.2,Medium,10149838
100591,2026-12-09,45,Male,North West,17698347,Bronze,40,3,394404.43,No,Online,4.5,High,1534796
100592,2024-10-12,47,Male,South West,5280223,Silver,21,3,237520.06,Yes,Online,4.9,Low,3134219
100593,2024-03-27,49,Female,South East,693018,Gold,8,8,20203.26,Yes,Direct,3.2,High,244899
100594,2024-10-23,52,Male,South West,14999788,Silver,6,20,12522.79,No,Online,4.9,Low,1206559
100595,2026-09-30,46,Female,North West,1343393,Silver,7,13,323281.52,No,Email,2.6,Medium,11621307
100596,2024-10-25,60,Male,South South,7060468,Bronze,11,5,9852.28,Yes,Direct,3.9,Medium,137570
100597,2025-08-11,49,Female,North West,763053,Gold,50,7,182252.1,No,Email,2.8,Medium,3661832
100598,2025-01-25,57,Male,South South,3527529,Silver,33,17,323120.0,No,Online,2.1,Medium,15483708
100599,2026-01-12,29,Male,South East,15409543,Bronze,12,14,6788.76,No,Email,3.1,Medium,247510
100600,2026-01-07,43,Male,North East,589925,Bronze,50,21,24823.99,No,Social Media,2.8,Low,2546482
100601,2026-11-12,28,Female,North Central,1230030,Bronze,32,14,98752.32,No,Social Media,1.3,High,1392759
100602,2026-01-09,71,Female,South South,7474833,Bronze,28,6,217194.85,Yes,Email,4.6,Medium,3523383
100603,2024-11-05,20,Female,South South,5857010,Gold,23,7,33830.98,No,Email,1.5,Medium,688709
100604,2025-09-06,24,Female,South South,6197685,Silver,37,17,5671.74,Yes,Email,2.5,Medium,260331
100605,2024-08-12,48,Female,South West,810360,Gold,47,19,19601.7,No,Direct,3.5,Low,1875069
100606,2026-01-11,28,Male,South South,3755563,Gold,49,20,30070.54,Yes,Online,4.8,Low,3321086
100607,2026-08-09,64,Female,South West,1710171,Platinum,43,14,12465.85,Yes,Online,4.6,Low,926921
100608,2026-03-02,52,Male,South West,3922187,Bronze,39,15,8655.23,Yes,Email,2.7,High,152674
100609,2026-02-04,40,Male,North East,14603976,Bronze,49,23,302497.44,No,Online,4.4,Low,34011841
100610,2024-11-29,31,Male,North Central,1574000,Gold,3,17,16462.39,No,Social Media,4.5,Low,1294933
100611,2024-11-15,48,Female,South South,6772653,Platinum,10,14,6740.82,No,Direct,2.7,Medium,314709
100612,2026-10-16,23,Female,South South,4906138,Gold,13,24,44113.89,Yes,Social Media,4.8,Low,5241515
100613,2024-03-02,57,Female,South East,2636292,Gold,19,23,175911.1,No,Social Media,3.1,Low,19775234
100614,2025-06-04,23,Male,South South,986167,Silver,25,12,11974.57,No,Online,4.7,Low,718699
100615,2024-10-20,42,Male,South East,3398699,Bronze,37,23,385325.46,Yes,Direct,1.9,Medium,21960663
100616,2026-07-10,32,Female,North East,16069576,Gold,48,24,80791.51,Yes,Social Media,1.5,Medium,5823278
100617,2024-07-06,20,Male,South South,4686856,Silver,6,22,45144.75,No,Email,3.2,Medium,2671080
100618,2024-08-31,68,Male,South West,1804839,Gold,47,4,54322.61,No,Email,1.2,High,355860
100619,2024-03-15,63,Female,North West,1136791,Bronze,45,4,32893.68,No,Social Media,1.8,Medium,322959
100620,2024-06-28,63,Female,North East,5982801,Silver,17,17,5171.34,No,Online,2.1,Medium,233448
100621,2026-01-02,64,Female,South West,7141324,Bronze,40,23,9635.62,No,Email,2.2,High,221335
100622,2025-09-21,26,Female,North East,10208479,Gold,15,18,194251.91,No,Direct,1.4,Medium,10907624
100623,2025-06-10,51,Male,North Central,7094193,Silver,9,10,5319.59,Yes,Email,3.6,Medium,136504
100624,2024-11-19,59,Female,South East,920849,Gold,23,7,52563.56,No,Online,1.1,Medium,1039402
100625,2024-10-26,74,Male,South West,4172393,Gold,25,3,112895.45,No,Direct,2.0,Medium,1009956
100626,2026-09-28,72,Male,North West,1014268,Silver,3,20,9606.37,Yes,Online,1.9,Medium,499908
100627,2025-02-14,60,Male,South West,6214540,Bronze,22,14,8936.77,Yes,Email,3.0,Low,516171
100628,2026-06-12,40,Female,North West,936630,Bronze,28,20,184736.8,No,Direct,4.0,Medium,9140908
100629,2024-03-19,57,Male,South West,9252205,Silver,36,8,5182.19,No,Online,4.5,Low,219318
100630,2024-05-06,56,Female,South East,924883,Silver,13,17,24099.65,Yes,Direct,2.6,Medium,1050455
100631,2024-08-19,47,Male,North Central,1843781,Bronze,7,21,155657.17,No,Social Media,4.3,Low,13866751
100632,2026-07-21,67,Male,North East,1541706,Silver,50,3,8825.14,No,Online,3.4,Medium,81526
100633,2024-03-14,39,Female,South South,5297643,Bronze,17,2,31370.39,No,Email,2.7,Low,234521
100634,2024-11-30,19,Female,North Central,6009756,Bronze,15,6,103174.07,No,Email,4.6,Medium,1709867
100635,2026-01-03,18,Female,South South,2570554,Platinum,13,20,48849.42,No,Direct,2.2,Medium,3039007
100636,2025-05-28,75,Female,North East,6746486,Bronze,4,6,32442.24,Yes,Social Media,3.0,Low,841283
100637,2025-06-27,20,Male,North East,15110827,Bronze,33,18,8206.94,Yes,Social Media,4.7,Low,710968
100638,2025-03-08,37,Female,South West,7880101,Silver,25,16,117738.72,No,Email,3.7,Medium,5585912
100639,2024-12-13,22,Female,North East,3106104,Gold,28,23,23225.94,No,Online,3.1,Low,2691501
100640,2024-05-07,22,Female,South West,4973214,Gold,13,16,63184.93,No,Social Media,2.8,Medium,2858743
100641,2024-12-26,49,Male,South East,1305163,Bronze,34,10,215554.04,Yes,Online,3.2,Medium,5532484
100642,2024-01-14,33,Female,North West,15126520,Silver,18,1,135241.19,No,Email,1.6,High,151121
100643,2026-10-05,35,Female,North West,13664404,Bronze,50,24,5214.98,No,Social Media,1.1,Medium,335665
100644,2026-06-02,36,Female,North Central,6607305,Silver,23,15,22591.93,No,Direct,3.0,Medium,903181
100645,2025-07-28,48,Male,South South,2523518,Bronze,9,13,25130.29,No,Online,2.9,Medium,769834
100646,2025-06-23,65,Female,South East,1086707,Gold,10,10,20545.68,No,Online,4.6,Medium,625101
100647,2024-12-16,34,Male,North West,8230318,Platinum,42,3,80231.44,No,Social Media,3.1,Medium,790705
100648,2025-08-12,23,Female,North West,1253457,Platinum,35,6,12594.89,No,Online,2.6,Medium,234560
100649,2024-02-03,18,Male,South South,3299501,Gold,15,17,50284.13,Yes,Direct,4.5,Low,4274623
100650,2024-06-30,62,Male,North West,913481,Bronze,41,1,7646.35,No,Direct,4.8,Low,39554
100651,2025-06-10,68,Female,North East,5578957,Bronze,50,24,32217.88,No,Email,3.4,Medium,1935601
100652,2026-09-30,74,Male,North West,1900583,Bronze,7,13,9670.2,No,Social Media,2.0,Medium,348601
100653,2024-02-29,32,Male,North East,2227564,Silver,8,1,9807.7,Yes,Social Media,1.0,High,10685
100654,2024-08-07,62,Male,North West,7381963,Silver,31,21,12135.33,Yes,Direct,1.2,High,322741
100655,2025-04-09,70,Male,South East,3566472,Bronze,26,24,8829.1,No,Social Media,4.2,Low,1014772
100656,2025-09-05,46,Male,North West,605380,Platinum,3,16,284158.54,Yes,Social Media,3.8,Low,21371722
100657,2024-08-29,36,Male,South East,11075132,Gold,32,14,22733.79,No,Online,2.6,Medium,975513
100658,2025-10-18,44,Male,North East,10791667,Bronze,48,14,34212.17,No,Email,2.6,Medium,1242261
100659,2025-12-03,20,Male,North West,2425721,Silver,32,8,195810.41,Yes,Direct,2.7,Medium,4167040
100660,2025-07-28,67,Male,South South,1199234,Gold,5,22,48132.79,Yes,Direct,1.3,Medium,2755192
100661,2025-06-30,52,Male,North East,1882514,Silver,19,1,257098.57,Yes,Direct,1.6,High,341971
100662,2024-11-11,21,Male,South South,1188570,Silver,28,8,74673.58,No,Social Media,4.0,Low,2932674
100663,2024-06-24,65,Male,South South,2012752,Bronze,40,9,49727.08,Yes,Email,2.5,Medium,1132378
100664,2024-08-10,30,Female,North West,2481414,Platinum,10,2,10568.69,No,Email,1.9,Medium,67363
100665,2025-03-08,68,Female,South East,1663797,Bronze,6,5,47022.26,No,Social Media,1.5,Medium,548287
100666,2026-02-17,73,Female,South East,2496939,Silver,43,1,148967.3,No,Email,3.2,Medium,460481
100667,2025-09-23,57,Male,North Central,19217026,Gold,25,25,20261.49,Yes,Email,3.2,Medium,1574298
100668,2026-05-26,42,Female,North Central,880151,Bronze,13,17,199177.13,Yes,Social Media,3.7,Low,15621436
100669,2025-12-29,68,Female,North East,9830759,Bronze,3,4,5996.14,No,Online,1.1,High,23309
100670,2026-10-10,33,Male,North East,622624,Bronze,50,23,127939.58,No,Direct,2.5,Medium,7695760
100671,2026-06-15,56,Female,North Central,2387781,Silver,37,13,76272.8,Yes,Direct,4.4,Medium,3010206
100672,2024-04-15,36,Male,North West,895616,Bronze,7,25,360059.78,Yes,Email,3.1,Low,39898453
100673,2025-03-10,27,Male,South West,1898775,Gold,41,25,18666.75,Yes,Online,4.6,Low,2260526
100674,2024-09-10,33,Female,South South,676835,Gold,22,2,283315.47,No,Direct,5.0,Low,2918057
100675,2026-03-01,61,Female,North West,3758975,Platinum,21,11,92985.11,No,Email,2.8,Medium,3410546
100676,2024-03-02,19,Female,South South,536940,Silver,49,13,23641.67,Yes,Direct,3.7,High,569564
100677,2026-07-02,64,Female,North Central,19165969,Gold,49,7,13161.12,No,Social Media,4.2,Medium,313370
100678,2026-01-11,45,Male,North East,2230083,Gold,8,1,16099.11,Yes,Online,3.3,Low,80800
100679,2024-09-29,49,Male,North East,18813053,Gold,40,13,8969.92,No,Direct,4.9,Low,597611
100680,2024-08-14,29,Male,North West,2945533,Bronze,18,12,12119.61,Yes,Social Media,2.9,Medium,370805
100681,2024-10-16,75,Female,North Central,2575278,Bronze,27,11,7456.49,Yes,Online,4.2,Low,363737
100682,2026-05-11,50,Male,South West,7745096,Gold,15,16,30094.44,No,Email,1.0,Medium,1500895
100683,2026-10-06,58,Male,South West,1388922,Silver,46,17,281497.52,Yes,Social Media,4.2,Low,22580624
100684,2025-05-17,32,Female,South East,12232253,Silver,48,16,7115.05,Yes,Email,2.1,High,162728
100685,2026-08-01,59,Male,South South,743765,Silver,28,16,10535.26,Yes,Direct,2.9,Medium,522540
100686,2024-07-14,69,Female,North Central,3275028,Bronze,24,13,258602.74,No,Email,2.8,High,3619345
100687,2026-02-12,73,Female,North Central,4717030,Silver,20,23,12815.27,No,Email,4.8,Low,1444420
100688,2026-03-30,42,Male,South East,611053,Silver,29,6,8288.85,No,Email,4.2,Medium,157117
100689,2025-04-29,59,Male,South South,6297911,Bronze,48,5,213604.72,No,Direct,3.8,Low,5068158
100690,2025-05-19,54,Male,South South,1162266,Bronze,43,2,33170.4,No,Direct,4.5,Low,343024
100691,2025-07-28,59,Female,North Central,15877140,Bronze,13,17,308058.9,No,Email,1.3,Medium,12510226
100692,2026-07-16,65,Female,South East,11934097,Gold,27,19,7403.67,No,Online,1.6,Medium,443432
100693,2024-07-30,22,Male,North East,533132,Bronze,47,15,49443.31,Yes,Social Media,4.7,Medium,2434214
100694,2026-12-08,72,Male,North Central,1329557,Silver,39,2,109845.52,No,Online,4.4,Low,1100775
100695,2026-05-31,58,Male,South East,7241231,Bronze,43,19,150321.09,Yes,Email,4.2,Low,14207108
100696,2025-06-03,26,Female,South West,19741794,Gold,29,16,33312.82,No,Direct,3.5,Low,2645492
100697,2026-06-30,72,Male,South East,811411,Gold,25,16,27883.24,Yes,Social Media,4.1,Low,2203718
100698,2025-11-15,51,Female,South South,3222565,Bronze,18,22,10848.5,Yes,Online,2.3,Low,1017578
100699,2026-01-21,74,Male,South East,7136953,Silver,39,25,10976.65,Yes,Direct,2.6,Medium,771582
100700,2025-01-06,57,Female,South East,3137589,Bronze,17,10,389057.47,No,Social Media,1.9,High,4307156
100701,2024-04-12,18,Female,North Central,1248191,Bronze,18,24,25332.21,No,Social Media,2.6,Low,2732245
100702,2024-07-06,58,Male,South East,2652138,Bronze,12,24,260402.42,No,Direct,4.5,Medium,17566297
100703,2024-07-01,54,Male,South West,585763,Bronze,37,18,381254.09,Yes,Social Media,2.3,Medium,16875252
100704,2024-02-11,74,Male,North West,5401640,Silver,45,23,186557.84,Yes,Email,3.6,Low,18931462
100705,2024-03-27,43,Female,North Central,1007119,Silver,14,23,17184.43,No,Social Media,2.0,High,538875
100706,2025-08-26,42,Female,North Central,1432364,Gold,34,25,122606.65,No,Online,2.5,Low,16170673
100707,2024-04-29,55,Male,South South,1235411,Gold,10,10,7577.2,No,Social Media,1.2,High,125915
100708,2025-04-13,65,Female,North East,4003579,Silver,24,13,6508.59,No,Online,4.3,Low,387836
100709,2024-02-16,24,Male,North West,17302673,Silver,28,20,309249.12,No,Social Media,3.0,Low,28731862
100710,2026-07-12,27,Female,North West,13918394,Silver,11,18,14544.36,Yes,Social Media,1.1,High,270191
100711,2024-08-24,48,Male,South East,672671,Silver,28,9,103352.3,No,Social Media,4.0,Medium,3076290
100712,2024-08-02,24,Female,South South,3615618,Bronze,25,12,9487.41,No,Online,3.4,Low,515770
100713,2025-07-04,53,Female,North Central,8681179,Bronze,45,23,295451.84,No,Direct,4.8,Low,32669321
100714,2025-12-10,64,Female,North West,749853,Bronze,2,22,35531.28,No,Social Media,2.9,Low,3156734
100715,2026-12-03,32,Female,South East,6550382,Gold,49,1,94165.0,Yes,Email,4.5,Medium,319214
100716,2025-04-27,19,Male,North West,3210194,Silver,30,23,7574.02,Yes,Social Media,4.7,Low,819138
100717,2025-09-09,50,Male,South South,1123203,Platinum,2,15,38473.93,Yes,Social Media,2.3,Medium,1763271
100718,2024-08-24,21,Female,South West,651991,Bronze,41,12,290522.51,No,Online,3.5,Medium,9921433
100719,2025-02-11,25,Female,South South,1087557,Gold,22,14,6862.96,Yes,Email,4.2,Medium,294048
100720,2024-03-07,32,Female,North East,16891537,Bronze,32,4,17584.74,No,Online,1.4,Medium,148744
100721,2024-12-07,61,Female,South West,6977686,Gold,13,4,43188.35,No,Social Media,3.5,Medium,484010
100722,2025-09-30,27,Male,North Central,3409304,Silver,23,23,15559.93,No,Social Media,2.8,Low,1803867
100723,2024-03-06,69,Female,North Central,5096498,Bronze,30,6,139180.64,No,Online,3.6,High,1109423
100724,2024-10-31,34,Male,South West,1920031,Silver,46,18,5229.02,Yes,Social Media,1.6,Low,439122
100725,2024-01-13,52,Male,South West,7853122,Bronze,45,20,388363.29,Yes,Direct,1.5,Medium,19551778
100726,2026-10-27,41,Female,South West,10191191,Bronze,47,15,10554.33,No,Email,4.7,Low,746958
100727,2025-01-31,50,Female,South South,889568,Bronze,33,18,135615.04,No,Social Media,1.6,High,2266364
100728,2024-06-11,60,Female,South West,844293,Platinum,24,3,22841.49,No,Email,2.5,Medium,230962
100729,2026-10-24,65,Male,South South,8892162,Gold,32,10,12150.51,No,Direct,2.3,Low,576514
100730,2025-10-18,61,Male,North West,2969054,Gold,24,11,269411.77,No,Online,2.5,Medium,9626301
100731,2024-08-12,28,Male,South East,4389488,Bronze,13,4,17953.89,No,Email,4.9,Medium,196054
100732,2025-02-12,38,Male,South East,17667256,Silver,22,4,52601.66,Yes,Online,4.3,Low,1114338
100733,2026-06-20,67,Female,South West,3873262,Silver,39,15,19811.56,No,Online,2.4,Medium,942140
100734,2024-03-03,32,Female,North East,7176630,Silver,8,11,8068.78,No,Email,2.2,High,131049
100735,2024-11-09,26,Male,North East,1847764,Gold,27,17,80718.31,Yes,Online,1.8,Medium,4284869
100736,2025-09-13,35,Male,North West,635388,Silver,46,18,9251.71,No,Direct,4.3,Low,909669
100737,2024-12-23,27,Male,North West,1084747,Gold,16,18,87163.55,No,Social Media,1.8,Low,7156974
100738,2026-02-22,45,Male,North Central,539638,Gold,34,24,44175.35,Yes,Social Media,1.9,Medium,3095253
100739,2024-11-24,55,Male,North West,842298,Silver,44,2,10011.5,No,Email,4.7,Low,97640
100740,2024-04-20,72,Female,North East,17112001,Silver,27,3,84543.1,Yes,Direct,3.7,Medium,735506
100741,2026-01-27,34,Male,North Central,3398536,Bronze,41,2,84283.0,No,Direct,3.4,High,218832
100742,2024-05-13,74,Male,North West,2447882,Bronze,18,4,259802.93,No,Online,4.9,Low,4809429
100743,2026-09-11,69,Male,North West,1909565,Bronze,16,2,159845.08,No,Online,2.4,High,368172
100744,2024-06-01,18,Female,South South,869458,Silver,3,18,113279.88,Yes,Direct,2.3,Medium,5282757
100745,2024-10-06,60,Female,South East,552996,Silver,17,17,51885.28,No,Social Media,1.2,High,1037371
100746,2025-05-21,30,Female,North West,997424,Silver,7,14,259226.47,No,Online,1.3,Medium,8932309
100747,2025-06-24,26,Female,North East,1668160,Gold,19,5,56536.6,Yes,Direct,4.9,Low,1451481
100748,2024-02-18,19,Female,North Central,18821206,Gold,39,20,100762.04,No,Social Media,4.6,Low,10783729
100749,2025-12-12,37,Male,North East,725480,Silver,13,9,134404.71,No,Email,2.2,Medium,3414759
100750,2024-12-29,21,Male,North Central,1062592,Silver,4,8,13978.27,Yes,Online,1.1,High,143763
100751,2026-01-13,27,Female,North West,651748,Bronze,26,15,5364.37,Yes,Social Media,2.2,High,72655
100752,2025-09-05,22,Male,South West,2161766,Bronze,38,4,102692.46,Yes,Email,2.6,Medium,1118945
100753,2026-03-03,62,Female,North Central,621206,Bronze,15,5,274581.54,No,Social Media,2.6,Medium,3541858
100754,2026-12-14,45,Male,South East,13449166,Bronze,18,18,9977.98,No,Direct,1.6,Medium,468124
100755,2025-07-17,39,Male,South West,13513534,Silver,22,14,19913.67,No,Direct,1.5,Medium,689216
100756,2024-08-09,43,Male,North Central,3992433,Gold,6,14,45047.73,Yes,Social Media,5.0,Low,2954210
100757,2024-04-16,41,Male,North East,2455321,Bronze,35,20,298383.84,No,Direct,3.2,Low,27226541
100758,2026-11-17,59,Female,South West,1567462,Bronze,37,10,7447.63,Yes,Email,4.3,Medium,208571
100759,2026-09-10,21,Male,South West,2516891,Bronze,47,2,196054.68,Yes,Social Media,4.5,Medium,908200
100760,2024-11-16,20,Female,North East,17717918,Gold,41,25,79390.22,Yes,Direct,3.8,Low,10208456
100761,2025-09-01,63,Male,South West,2392006,Gold,50,18,22739.74,Yes,Online,3.8,Low,2150572
100762,2026-08-09,67,Female,North East,3847309,Silver,47,23,15678.48,No,Email,3.5,Medium,1027505
100763,2025-03-12,30,Female,South South,1586770,Gold,49,3,320988.14,Yes,Online,1.9,Medium,2862648
100764,2025-10-08,33,Female,North West,16377031,Platinum,33,12,116175.68,No,Direct,3.9,Low,7656043
100765,2024-05-10,49,Male,South South,8723951,Bronze,7,3,50432.32,No,Social Media,4.5,Low,672170
100766,2024-12-29,28,Male,South South,3516459,Gold,19,1,237142.88,No,Online,1.0,High,338103
100767,2025-05-20,46,Female,South South,8273729,Silver,10,2,16469.89,No,Email,1.8,High,46162
100768,2024-12-01,66,Male,North West,18047587,Silver,49,16,218384.43,Yes,Direct,4.1,Medium,11532426
100769,2025-06-16,46,Female,North Central,5439724,Platinum,23,11,12834.88,No,Social Media,4.1,Medium,437644
100770,2024-06-09,57,Male,North Central,903564,Gold,15,1,15913.24,No,Email,1.0,High,23941
100771,2025-09-22,69,Female,South South,1481414,Platinum,50,11,13856.49,No,Social Media,3.2,Low,906665
100772,2025-04-15,65,Female,North Central,12714356,Silver,26,16,6107.7,No,Direct,4.0,Low,480433
100773,2026-02-11,21,Male,South East,971229,Bronze,39,24,5383.0,No,Direct,4.7,Medium,377160
100774,2026-08-04,28,Male,North West,1675928,Gold,16,11,72270.82,No,Online,1.2,Medium,2098221
100775,2025-02-07,60,Female,North Central,13520587,Gold,1,25,8127.28,Yes,Social Media,3.5,Medium,533060
100776,2025-10-04,48,Female,South South,4826963,Bronze,39,22,14590.42,No,Social Media,4.8,Low,1669014
100777,2025-12-31,27,Female,North West,11757401,Silver,34,10,160269.86,Yes,Social Media,2.8,Low,7411716
100778,2026-07-09,72,Female,North East,10108428,Bronze,44,21,5574.3,Yes,Online,1.1,Medium,273019
100779,2025-04-09,66,Male,South South,2090364,Bronze,38,14,179917.81,No,Social Media,3.1,Low,10588873
100780,2026-02-13,58,Male,North Central,861117,Bronze,36,2,108403.38,Yes,Direct,2.6,Medium,535254
100781,2024-05-31,28,Male,North West,19244387,Bronze,34,6,184901.53,No,Email,3.4,Medium,3181587
100782,2024-06-21,41,Female,North East,7979886,Bronze,36,25,48256.5,Yes,Email,3.8,Low,5400064
100783,2024-06-01,26,Female,North Central,7170394,Bronze,27,1,367044.62,Yes,Social Media,3.5,Medium,1049099
100784,2024-03-13,51,Male,South South,18223508,Bronze,18,14,224181.53,No,Email,2.0,Medium,6937293
100785,2024-06-03,59,Female,South West,933614,Silver,34,24,11664.33,Yes,Social Media,4.0,Low,1363438
100786,2025-01-03,74,Male,South West,5815469,Silver,2,9,22460.27,Yes,Social Media,2.4,Medium,461366
100787,2024-03-14,32,Male,South South,18613408,Bronze,28,6,39494.51,Yes,Social Media,3.3,Medium,618340
100788,2026-10-26,51,Female,South West,532494,Silver,25,12,152634.96,No,Online,1.4,High,1994470
100789,2025-09-21,45,Male,North Central,1953135,Silver,1,18,153894.05,Yes,Online,1.9,Medium,7566283
100790,2024-11-08,42,Female,North Central,2302982,Gold,45,24,71014.43,No,Direct,3.3,Medium,5001830
100791,2024-08-05,74,Female,South South,697303,Bronze,21,15,143825.9,No,Email,2.2,High,2225341
100792,2026-10-16,60,Male,South South,1541724,Silver,31,3,150805.59,No,Online,3.7,Low,2321428
100793,2025-11-17,26,Female,South South,649400,Bronze,16,18,6914.95,No,Direct,2.8,Medium,299100
100794,2025-04-18,41,Male,North Central,1356084,Platinum,36,2,6583.48,No,Email,4.1,Low,77360
100795,2026-02-09,23,Female,North West,1595733,Silver,9,13,51502.19,No,Social Media,2.6,High,940132
100796,2024-05-21,47,Male,North East,2418521,Silver,1,6,9869.14,No,Email,2.1,Medium,151960
100797,2024-03-28,23,Male,North East,6027516,Silver,23,17,6699.82,No,Email,1.8,Medium,286320
100798,2025-02-17,68,Male,South South,4572693,Bronze,45,3,6153.79,No,Direct,4.2,Medium,57098
100799,2026-12-12,61,Male,South South,5912283,Bronze,36,1,56586.4,Yes,Social Media,3.8,Low,264837
100800,2024-02-09,47,Female,North Central,623571,Platinum,45,6,170596.18,No,Online,1.5,Low,5291278
100801,2025-05-24,28,Female,North Central,910792,Bronze,49,14,141502.56,Yes,Online,2.2,Medium,5181786
100802,2024-03-22,19,Female,South East,2700791,Gold,32,23,47890.78,Yes,Online,3.5,Medium,3267288
100803,2026-04-17,37,Male,South East,1732658,Bronze,16,3,190891.76,Yes,Email,4.6,Low,2795244
100804,2025-03-05,52,Female,South West,1380759,Bronze,27,25,330407.2,Yes,Email,2.3,Medium,18585066
100805,2024-03-15,58,Male,North West,6820832,Silver,50,23,117836.05,Yes,Online,1.1,Low,12661254
100806,2025-12-01,33,Female,North West,1960213,Gold,8,9,5886.06,No,Online,1.1,Medium,139347
100807,2026-02-09,75,Female,South South,985684,Bronze,42,4,108331.02,No,Online,4.9,Medium,1277551
100808,2025-10-10,72,Male,North Central,1993369,Bronze,29,25,23146.26,No,Email,4.6,Low,2614292
100809,2026-02-25,20,Male,North Central,2618502,Silver,24,15,93196.5,No,Direct,4.8,Low,6875348
100810,2024-02-03,30,Male,South East,5688495,Bronze,44,14,57222.52,No,Online,2.6,Medium,2018851
100811,2024-10-01,45,Male,North East,15737950,Bronze,1,10,46872.87,Yes,Email,4.1,Medium,1202680
100812,2024-02-18,41,Female,South East,1131630,Bronze,15,4,90644.97,Yes,Email,3.3,Medium,882834
100813,2026-04-27,43,Female,North Central,2303540,Bronze,34,22,47882.05,No,Email,4.4,Low,5160354
100814,2025-12-12,39,Female,North West,1259539,Silver,9,23,234173.44,Yes,Email,3.6,Low,24088460
100815,2026-07-08,27,Female,North West,929907,Bronze,30,11,261334.4,No,Direct,4.7,Low,13456143
100816,2026-07-17,47,Female,South South,3484723,Bronze,3,23,62528.69,Yes,Direct,1.3,Medium,3092792
100817,2024-07-30,66,Male,North West,9924395,Bronze,48,10,224144.23,Yes,Social Media,4.7,Medium,6285022
100818,2026-07-01,55,Male,North West,7519977,Bronze,13,5,85999.84,Yes,Social Media,3.3,Low,1801213
100819,2025-03-22,74,Male,North Central,839433,Silver,3,6,47861.73,Yes,Email,3.0,Medium,834359
100820,2025-01-25,19,Female,South West,1668055,Silver,8,10,302614.86,Yes,Social Media,1.8,Medium,7955746
100821,2025-05-17,61,Male,South West,7005951,Gold,17,21,147428.58,No,Email,3.2,Low,14878026
100822,2024-01-18,54,Female,North Central,13724782,Gold,30,7,18743.98,Yes,Online,1.3,Medium,395476
100823,2025-07-18,50,Female,North Central,4759922,Bronze,39,12,59865.75,Yes,Online,2.4,Medium,1722488
100824,2026-04-17,20,Male,South East,1134022,Gold,17,4,5326.51,No,Social Media,3.5,Medium,67087
100825,2026-09-25,41,Female,South East,5055109,Silver,3,11,67180.55,No,Email,2.0,High,943768
100826,2026-11-23,26,Female,North Central,17139971,Platinum,2,19,16093.94,No,Social Media,1.8,Medium,930012
100827,2026-07-30,71,Female,South South,3592016,Platinum,36,1,61818.27,Yes,Direct,1.2,High,103368
100828,2026-05-16,39,Female,South West,2553424,Silver,7,23,19888.12,No,Social Media,3.4,Medium,1207854
100829,2025-12-31,66,Male,South East,1713079,Bronze,27,10,335763.47,Yes,Email,3.9,Low,14105803
100830,2024-02-13,72,Male,North Central,1728197,Silver,20,5,20831.83,Yes,Direct,2.4,High,131721
100831,2026-08-25,55,Male,South West,677448,Bronze,30,6,120011.13,No,Email,1.2,Medium,1667275
100832,2026-08-13,72,Female,North West,1207104,Platinum,38,24,15812.89,No,Email,2.1,Low,2102819
100833,2026-01-08,72,Female,North East,5806782,Bronze,36,6,7778.95,No,Social Media,4.1,Medium,123721
100834,2026-01-22,56,Male,North Central,851292,Bronze,27,25,22710.31,Yes,Email,4.5,Low,2676541
100835,2025-08-29,71,Female,North East,10101582,Silver,50,25,23248.59,Yes,Email,2.6,Low,2795799
100836,2025-07-13,54,Female,North East,9810648,Silver,41,1,9827.13,No,Direct,4.5,Low,51264
100837,2025-09-20,52,Female,South East,2818700,Silver,20,15,6828.99,Yes,Email,3.7,Low,475680
100838,2024-07-13,69,Female,South West,1448314,Gold,9,18,227754.83,No,Online,4.7,Medium,13486022
100839,2026-05-28,58,Male,South East,3068535,Gold,49,2,36188.81,No,Online,4.1,Medium,262670
100840,2026-03-05,42,Male,North Central,3315524,Gold,46,21,6062.58,Yes,Social Media,4.4,Low,635762
100841,2025-01-11,42,Male,South South,6714012,Bronze,27,14,99715.2,No,Online,2.2,Low,6351454
100842,2025-08-28,34,Male,North East,2617367,Gold,29,15,12189.24,Yes,Email,1.7,High,319107
100843,2026-06-17,70,Male,South West,5926044,Gold,31,11,21132.28,No,Online,1.2,Medium,615795
100844,2025-11-14,69,Male,South West,545234,Bronze,28,8,20576.79,Yes,Online,2.6,Low,683094
100845,2025-02-09,50,Male,North East,16403623,Bronze,26,16,10389.66,No,Direct,4.8,Low,797860
100846,2025-01-09,64,Female,South West,5119838,Bronze,15,9,37478.11,Yes,Direct,2.9,Medium,759648
100847,2024-01-27,60,Female,North Central,1237944,Gold,4,16,37886.27,Yes,Direct,1.2,High,778386
100848,2026-12-11,28,Female,South East,4780112,Platinum,34,23,258017.5,No,Social Media,2.0,Low,29136464
100849,2024-03-27,39,Female,South South,15574777,Bronze,5,17,190010.68,No,Social Media,2.7,High,4200907
100850,2026-02-21,28,Female,South East,8952090,Gold,39,17,64682.97,No,Online,4.6,Medium,3793772
100851,2024-01-30,23,Male,North East,6281282,Bronze,11,1,133070.84,Yes,Social Media,4.0,Low,577147
100852,2024-08-23,31,Female,South East,1290712,Gold,1,8,170083.21,No,Social Media,1.2,High,1915412
100853,2025-10-22,18,Female,South East,6651170,Gold,27,17,7369.59,No,Email,3.1,Medium,425560
100854,2026-11-27,70,Female,South West,501056,Gold,3,25,24025.14,No,Social Media,3.7,Low,2887501
100855,2025-12-05,25,Male,North West,1085590,Gold,12,20,9176.62,No,Email,3.6,Low,951096
100856,2024-07-19,71,Female,North East,2749114,Bronze,48,14,164836.92,Yes,Direct,2.5,High,2741911
100857,2024-10-04,57,Female,South South,702187,Bronze,3,22,74704.33,Yes,Direct,4.0,Medium,4027236
100858,2026-06-07,46,Male,North East,974440,Silver,15,5,14428.86,Yes,Online,2.8,Medium,185523
100859,2024-05-13,39,Female,South South,18078653,Bronze,40,19,6964.34,Yes,Direct,4.6,Low,630474
100860,2025-08-01,22,Male,South South,905893,Gold,36,12,55391.94,Yes,Email,4.6,Medium,2435284
100861,2025-01-21,57,Female,North East,3485099,Bronze,26,14,65348.39,No,Email,1.2,High,931479
100862,2025-02-10,67,Male,South South,774377,Silver,28,23,22110.75,Yes,Email,2.5,Low,2374323
100863,2024-04-17,36,Female,North West,534204,Gold,44,15,11603.69,Yes,Social Media,2.0,Medium,529390
100864,2026-11-20,27,Male,North Central,762350,Bronze,2,20,210386.48,No,Email,2.7,Low,17862264
100865,2025-06-05,20,Male,North West,1854014,Bronze,34,18,223033.32,No,Email,3.8,Low,17451509
100866,2025-07-28,52,Male,North Central,18924966,Silver,27,12,35838.59,No,Direct,2.9,Medium,1244522
100867,2024-02-20,52,Male,South East,7497955,Gold,2,11,13442.72,Yes,Direct,2.8,Low,711286
100868,2026-07-25,25,Male,South South,8387399,Silver,43,4,7846.36,No,Email,1.4,High,44867
100869,2024-02-14,43,Male,South East,1827267,Gold,39,1,385061.01,No,Social Media,4.9,Low,2054455
100870,2026-12-21,48,Female,North West,2674598,Platinum,45,7,41914.15,No,Email,4.6,Low,1730130
100871,2024-02-15,37,Female,South West,7242990,Platinum,41,16,37650.64,Yes,Email,4.5,Low,3303406
100872,2025-03-23,30,Male,North East,6295593,Gold,1,11,8961.66,Yes,Direct,4.2,Low,473688
100873,2024-09-10,31,Female,South South,15044099,Silver,8,3,252108.67,No,Email,4.1,Low,3638802
100874,2025-02-14,52,Male,South West,1322399,Silver,45,22,92538.38,No,Online,1.6,Medium,5716089
100875,2024-01-04,65,Female,North East,5529776,Bronze,1,7,65557.29,No,Email,3.7,Low,1995628
100876,2025-02-10,55,Male,South West,1555459,Silver,40,5,7624.55,No,Direct,3.4,Medium,108926
100877,2026-11-13,60,Female,South South,8633842,Silver,17,23,7824.91,No,Direct,2.4,Low,796965
100878,2025-02-17,51,Male,North East,18434045,Silver,42,3,187126.13,No,Email,2.9,Medium,1651244
100879,2024-04-29,75,Female,North West,3516718,Silver,35,4,47533.37,No,Direct,1.0,Medium,509634
100880,2025-08-29,31,Male,North West,792317,Silver,9,19,35713.68,Yes,Email,3.7,Low,3154566
100881,2024-05-30,23,Female,South West,557958,Silver,10,24,51715.62,Yes,Direct,3.0,Low,5704709
100882,2025-10-05,68,Male,South West,549394,Gold,42,14,186126.39,Yes,Email,3.2,Low,14028994
100883,2025-04-26,57,Female,North East,8280844,Platinum,38,5,47131.48,Yes,Online,2.4,High,429221
100884,2024-07-18,21,Male,North Central,3367739,Bronze,26,17,58477.72,Yes,Online,2.6,Low,4347647
100885,2024-08-07,38,Male,North East,601477,Bronze,25,4,83908.67,Yes,Online,1.5,Medium,725565
100886,2024-09-16,18,Female,North West,3637448,Bronze,14,15,9671.08,No,Social Media,1.8,Medium,359625
100887,2026-06-22,49,Female,North Central,15615383,Bronze,9,3,322514.25,Yes,Direct,3.3,Medium,2359140
100888,2024-08-05,33,Female,South East,4717864,Gold,35,12,147714.46,Yes,Direct,1.6,Low,8625199
100889,2026-04-05,32,Female,South South,6551099,Gold,47,9,210744.18,No,Social Media,3.5,Medium,6028488
100890,2026-09-10,55,Female,North East,666992,Bronze,8,10,12367.47,Yes,Social Media,1.3,High,98934
100891,2026-11-24,63,Male,North West,5197900,Bronze,24,12,272195.33,No,Social Media,4.0,Low,14677210
100892,2025-11-11,67,Male,South South,2789980,Silver,49,10,369005.01,No,Direct,4.3,Medium,11319553
100893,2025-12-16,43,Male,North Central,587525,Bronze,41,9,12868.61,Yes,Email,3.6,Low,557471
100894,2026-03-29,24,Male,North East,12868901,Bronze,26,11,5844.89,Yes,Online,3.5,Medium,155765
100895,2026-07-09,56,Male,North West,3261402,Gold,10,23,102416.55,Yes,Email,4.4,Low,11525946
100896,2025-06-10,41,Male,North East,616716,Bronze,36,11,39926.46,Yes,Online,3.4,Low,2260936
100897,2024-06-26,40,Female,North East,9128132,Platinum,22,11,34295.06,No,Email,3.6,Low,1876222
100898,2026-10-16,19,Female,South West,12343658,Silver,23,12,53358.65,No,Social Media,4.7,Low,3108297
100899,2026-06-19,54,Female,South West,3457102,Silver,39,22,84180.35,Yes,Online,1.1,High,1994027
100900,2024-12-19,75,Male,South East,2228933,Bronze,17,22,23642.46,No,Online,2.3,High,596049
100901,2026-09-25,55,Male,North East,5011499,Silver,4,11,11078.05,No,Email,2.7,Low,571295
100902,2024-05-27,72,Female,North West,10514369,Bronze,4,14,32699.8,No,Email,2.7,Medium,1058497
100903,2024-12-17,38,Male,North East,544028,Bronze,42,10,17329.74,No,Online,2.5,Medium,460825
100904,2024-06-13,41,Male,North East,1332430,Silver,29,20,25320.78,No,Direct,4.0,Low,2736862
100905,2026-07-17,60,Female,North Central,4291553,Silver,49,6,53723.65,Yes,Email,2.0,Medium,946352
100906,2025-01-05,62,Male,North West,8419204,Gold,32,6,48817.63,Yes,Direct,4.6,Low,1527636
100907,2026-09-20,60,Male,North East,795757,Bronze,32,20,12818.95,No,Online,4.7,Low,1153493
100908,2025-02-19,18,Female,South South,761024,Bronze,18,3,54105.19,Yes,Online,2.8,Medium,364730
100909,2026-06-26,62,Female,North Central,1764391,Gold,44,11,7762.45,No,Direct,3.8,Low,467007
100910,2024-12-07,36,Male,North East,7816513,Gold,41,2,7510.14,Yes,Email,4.1,Medium,44105
100911,2025-12-16,51,Male,North West,10133989,Bronze,16,10,358801.79,No,Direct,1.1,Medium,8459812
100912,2025-12-30,25,Male,North West,13833386,Gold,46,24,18034.93,Yes,Direct,2.0,Medium,1252679
100913,2024-04-20,67,Male,North West,9723412,Bronze,24,3,7377.12,Yes,Online,3.8,Low,101114
100914,2026-05-11,19,Female,North East,2196068,Silver,8,22,8452.53,Yes,Direct,1.3,High,168603
100915,2025-10-10,28,Female,South East,822414,Silver,38,3,21298.25,Yes,Direct,3.0,Low,279827
100916,2024-07-30,59,Female,North West,2817660,Silver,15,25,57466.11,No,Online,3.8,Low,6673878
100917,2026-10-21,25,Female,North East,827716,Silver,43,1,6543.69,Yes,Direct,2.7,Low,30288
100918,2024-04-24,47,Male,North West,3578918,Gold,6,11,399529.44,No,Direct,1.9,Medium,13415905
100919,2025-09-11,28,Male,South South,3037087,Bronze,15,12,15587.96,No,Social Media,3.9,Low,869611
100920,2024-12-16,65,Male,South East,1185034,Silver,50,10,184075.53,Yes,Direct,1.9,Low,8415473
100921,2025-09-19,42,Female,North Central,1965532,Platinum,4,18,64062.66,No,Social Media,3.5,Low,5405228
100922,2026-06-26,56,Female,South West,1954331,Silver,46,4,8636.57,Yes,Email,2.8,Medium,102693
100923,2024-11-07,36,Female,South West,9201586,Platinum,33,16,128723.64,No,Direct,3.9,Low,10874858
100924,2025-12-04,57,Male,North West,963469,Silver,47,15,40664.85,No,Direct,1.8,Medium,1651456
100925,2025-09-06,71,Female,North East,4999027,Platinum,41,17,128555.35,No,Social Media,2.3,Low,11900547
100926,2024-06-13,41,Female,North East,1341159,Bronze,18,21,138616.91,No,Email,4.2,Medium,8199529
100927,2025-07-07,43,Female,North West,3735234,Gold,29,7,91822.96,Yes,Social Media,4.9,Low,3237096
100928,2026-01-24,40,Male,South West,8777011,Bronze,3,22,388421.23,Yes,Online,4.4,Medium,23818093
100929,2024-10-19,56,Female,South South,2902059,Silver,14,15,112813.59,No,Online,2.5,Medium,4422017
100930,2025-12-26,50,Female,South East,675552,Platinum,45,11,11527.21,Yes,Email,3.1,Low,678894
100931,2025-05-06,48,Male,South West,19320246,Platinum,25,3,45115.27,Yes,Email,4.7,Low,757533
100932,2026-09-08,27,Male,South South,1902836,Gold,4,7,38032.35,Yes,Social Media,1.5,High,373401
100933,2026-10-31,27,Male,South West,6548430,Bronze,39,12,11136.25,No,Email,3.3,Medium,353713
100934,2026-10-12,28,Female,North West,931825,Gold,45,4,34449.9,No,Social Media,1.1,High,222992
100935,2024-11-29,39,Female,North West,5577947,Gold,39,24,318631.75,No,Online,4.1,Low,41255158
100936,2026-02-23,53,Female,North East,1273460,Gold,40,4,59558.43,No,Direct,1.8,Medium,731628
100937,2026-10-05,23,Female,South East,1196294,Silver,31,21,158528.73,No,Direct,4.2,Low,14961863
100938,2026-06-06,75,Female,North East,4183524,Gold,25,2,120053.46,Yes,Email,3.7,Low,1153356
100939,2026-01-25,23,Male,North East,15436363,Silver,32,4,232829.7,No,Social Media,1.6,Medium,2516119
100940,2025-11-12,66,Female,South East,1011607,Bronze,6,1,146411.86,No,Email,4.1,Medium,393755
100941,2024-03-06,29,Female,South West,512466,Platinum,35,1,25576.66,No,Direct,4.1,Medium,85390
100942,2026-08-12,29,Male,North Central,893001,Bronze,33,13,222839.31,Yes,Email,2.3,Medium,7221990
100943,2026-08-25,26,Male,North West,1944726,Bronze,13,3,5129.12,Yes,Online,4.5,Low,67383
100944,2025-05-04,48,Male,South South,7071125,Bronze,18,13,23005.32,Yes,Direct,2.0,Medium,695520
100945,2026-08-29,64,Male,North East,13997562,Bronze,24,2,261169.53,No,Direct,4.4,Medium,1345225
100946,2026-05-02,49,Female,North Central,536321,Gold,33,24,13563.02,Yes,Direct,2.7,Medium,915581
100947,2025-04-25,58,Female,North West,15052849,Bronze,30,11,5999.74,No,Email,4.4,Medium,189458
100948,2025-01-04,21,Female,North East,1008202,Silver,50,25,40055.49,Yes,Direct,4.1,Low,4860136
100949,2025-05-25,74,Male,North Central,1227579,Bronze,18,18,177634.82,No,Direct,1.9,High,3555642
100950,2024-10-28,37,Female,South West,4251398,Silver,29,22,6872.6,Yes,Online,4.4,Medium,459685
100951,2024-05-28,50,Female,South East,5109569,Silver,26,24,19464.87,Yes,Email,2.0,Medium,1211873
100952,2024-01-13,23,Female,North East,1852962,Bronze,41,6,118319.94,No,Online,3.4,Medium,2089754
100953,2024-09-24,35,Male,North Central,7095706,Bronze,50,23,7648.16,No,Direct,2.1,Medium,504164
100954,2024-06-13,26,Male,South South,6878385,Bronze,27,20,5822.18,No,Online,1.4,Medium,314348
100955,2025-09-21,46,Male,North West,1092279,Bronze,48,4,367755.84,No,Online,2.0,High,1439889
100956,2025-08-09,60,Male,South South,2887626,Gold,23,11,87613.75,No,Online,3.8,Low,4849903
100957,2024-03-18,60,Female,North West,2419089,Gold,44,3,43719.74,Yes,Social Media,4.8,Low,750435
100958,2025-03-17,19,Female,South South,4416829,Gold,27,15,156987.17,No,Email,2.2,Medium,7133981
100959,2026-09-21,52,Female,North Central,4423347,Bronze,36,9,12672.27,No,Online,2.7,Medium,309776
100960,2025-09-13,22,Female,South East,1063073,Bronze,28,21,110178.59,No,Social Media,1.3,Medium,5469149
100961,2024-10-22,53,Male,North Central,4344884,Gold,10,25,172998.09,No,Online,4.5,Low,20866157
100962,2026-03-27,42,Female,North East,6953803,Platinum,46,1,75683.6,No,Email,2.9,Medium,261973
100963,2025-10-23,59,Female,South East,4081414,Gold,17,7,14360.48,Yes,Direct,2.0,High,157072
100964,2025-08-14,73,Male,North West,19161665,Silver,35,14,69475.91,No,Social Media,3.3,Medium,2656558
100965,2026-06-13,46,Female,North West,694756,Gold,49,7,26920.96,No,Social Media,2.9,Medium,645059
100966,2026-10-14,52,Male,South East,2683744,Gold,23,6,49038.69,No,Online,2.1,High,494778
100967,2025-06-11,30,Female,North Central,3648263,Silver,37,8,9884.43,No,Online,2.8,Medium,205639
100968,2025-07-31,64,Male,South East,10222234,Bronze,11,9,28443.1,No,Email,3.2,Low,1075421
100969,2025-07-25,37,Female,North East,6998681,Platinum,30,19,14407.87,No,Social Media,3.7,Low,1496216
100970,2026-11-04,34,Male,North Central,19700432,Silver,32,14,15683.9,No,Social Media,2.1,Low,1046574
100971,2025-09-16,61,Female,South East,736848,Gold,46,10,126173.16,No,Email,2.2,High,2154629
100972,2025-12-25,56,Female,South South,4199305,Gold,41,12,122051.4,No,Email,1.4,High,2617659
100973,2025-03-10,18,Female,North West,4856734,Platinum,20,3,9665.06,Yes,Email,2.2,Medium,93805
100974,2024-12-24,65,Female,North East,8521636,Bronze,42,2,10020.65,No,Social Media,4.9,Low,96860
100975,2026-11-15,22,Male,North Central,9792172,Bronze,50,22,30229.18,Yes,Social Media,2.7,Medium,1671821
100976,2025-12-29,50,Female,North Central,1151986,Bronze,29,1,13587.45,No,Direct,3.5,Medium,41785
100977,2025-11-02,28,Male,South West,1343140,Silver,39,4,41069.34,No,Social Media,1.7,High,217672
100978,2024-07-25,72,Male,South West,10589206,Platinum,8,18,306034.79,No,Social Media,2.3,Low,27914398
100979,2026-03-12,73,Male,South South,1589991,Silver,29,4,204416.19,No,Direct,3.1,Low,3601472
100980,2026-08-02,60,Male,North East,993577,Silver,26,22,5578.08,Yes,Online,2.9,Medium,333352
100981,2024-10-18,64,Female,North East,714973,Bronze,7,11,185485.64,Yes,Email,2.7,Medium,4996989
100982,2024-12-07,19,Male,South West,906977,Bronze,39,9,26704.0,No,Social Media,4.3,Medium,614141
100983,2025-04-08,44,Male,North West,1073167,Platinum,11,4,58649.59,No,Online,4.3,Medium,768447
100984,2025-07-23,39,Male,South South,10937779,Platinum,9,7,390749.64,Yes,Social Media,1.5,Medium,7961183
100985,2025-11-20,22,Male,South East,1102311,Silver,15,1,15606.64,Yes,Social Media,4.0,Low,72763
100986,2026-02-02,49,Female,North East,3433847,Bronze,47,15,166007.83,No,Online,1.5,High,2633505
100987,2024-10-08,39,Female,North East,1791862,Silver,31,16,25885.18,No,Direct,2.3,Low,1903315
100988,2026-04-22,23,Female,South East,7933376,Silver,18,8,13198.6,Yes,Online,3.4,Low,450375
100989,2026-08-17,52,Male,North East,555723,Silver,40,9,144089.38,Yes,Social Media,3.1,Medium,3432053
100990,2025-06-05,53,Male,North West,774066,Silver,12,25,22951.69,No,Social Media,3.8,Low,2527072
100991,2026-01-09,23,Male,North West,6399794,Silver,20,13,23600.18,No,Email,4.7,Low,1384628
100992,2026-11-28,19,Male,South East,1961799,Bronze,18,3,367225.89,No,Email,3.6,Medium,3070177
100993,2024-02-22,32,Male,South East,6616973,Bronze,41,2,48657.55,Yes,Online,3.6,High,133338
100994,2025-08-13,26,Female,South South,10327955,Platinum,19,19,153723.15,No,Online,2.7,Low,15786257
100995,2025-09-19,45,Male,South South,11712339,Silver,14,15,382887.29,Yes,Online,3.5,Medium,16133841
100996,2025-03-12,64,Female,South South,10118604,Gold,43,17,7182.37,No,Online,4.1,Low,615554
100997,2025-09-16,18,Male,South East,19606875,Gold,13,7,42388.78,Yes,Social Media,3.4,Medium,919145
100998,2024-08-06,68,Male,North West,583485,Silver,46,7,6385.1,No,Online,4.8,Low,216032
100999,2025-05-30,46,Male,South East,9837869,Bronze,7,16,48670.07,No,Email,1.7,High,613873
101000,2026-10-03,26,Female,North Central,2039184,Bronze,4,22,109768.28,No,Email,3.8,Medium,6900930
